word,translation,phonetic,type,example_en,example_cn,tags
additional,附加的，另外的,,adjective,We need additional information before making a decision.,在我们做决定之前，我们需要更多信息。,"附加词汇"
regarding,关于,,adjective,I am writing to you regarding your recent application.,我写信是关于你近期的申请的。,"附加词汇"
offer,提供,,noun/verb,The company offered her a great job.,公司提供给了她一份很棒的工作。,"附加词汇"
handpick,精选,,noun,She handpicked the best apples from the basket.,她从篮子里精挑细选了最好的苹果。,"附加词汇"
head,领导，带领,,noun,Who is going to head the new project?,谁将领导这个新项目？,"附加词汇"
experience,经验；经历,,noun,He has a lot of experience in marketing.,他在市场营销方面有很多经验。,"附加词汇"
field,领域；场地,,noun,She is an expert in the field of medicine.,她是医学领域的专家。,"附加词汇"
working conditions,工作条件,,phrase,Employees are demanding better working conditions.,员工们正在要求更好的工作条件。,"附加词汇"
result in,导致，引起,,verb phrase,Your hard work will result in success.,你的努力工作将会带来成功。,"附加词汇"
remarkable,显著的；值得注意的,,adjective,There has been a remarkable improvement in sales.,销售额有了显着的改善。,"附加词汇"
improvement,改进，改善,,noun,We need continuous improvement in our products.,我们需要对产品进行持续改进。,"附加词汇"
aspect,方面,,noun,We must consider every aspect of the plan.,我们必须考虑计划的每一个方面。,"附加词汇"
morale,士气，民心,,noun,The team victory boosted employee morale.,团队的胜利提升了员工的士气。,"附加词汇"
commuter,使用月、季票上下班者，通勤者,,noun,Thousands of commuters use this train daily.,每天有数千名通勤者乘坐这趟列车。,"附加词汇"
get to...,到达某地,,phrase,What time do you usually get to the office?,你通常几点到办公室？,"附加词汇"
delay,耽搁，延迟,,noun,The flight suffered a two-hour delay.,航班延误了两小时。,"附加词汇"
on-going,持续的；正在进行的,,adjective,This is an on-going research project.,这是一个正在进行的研究项目。,"附加词汇"
construction,建设,,noun,The new building is still under construction.,新大楼仍在建设中。,"附加词汇"
in order to do,为了做（某事）,,phrase,She studied hard in order to pass the exam.,为了通过考试，她努力学习。,"附加词汇"
applicant,申请者,,noun,All applicants must submit their resumes.,所有申请者必须提交简历。,"附加词汇"
meet the strict requirements,满足严格的要求,,phrase,Only a few candidates meet the strict requirements.,只有少数候选人满足严格的要求。,"附加词汇"
strict,严格的；严厉的,,adjective,The company has strict safety rules.,公司有严格的安全规则。,"附加词汇"
requirement,要求；需求,,noun,Good communication skills are a key requirement.,良好的沟通技巧是一项关键要求。,"附加词汇"
outcome,结果,,noun,We are waiting for the final outcome.,我们在等待最终结果。,"附加词汇"
determine,决定,,verb,The manager will determine the schedule.,经理将决定时间表。,"附加词汇"
the course of action,行动方针,,phrase,We need to decide on our course of action.,我们需要决定我们的行动方针。,"附加词汇"
announcement,宣布，宣告,,noun,The CEO made an important announcement.,首席执行官做了一个重要的宣告。,"附加词汇"
retirement,退休,,noun,He is planning his retirement next year.,他正计划明年的退休。,"附加词汇"
extremely,非常，很，极端地,,adverb,The test was extremely difficult.,这次测试极其困难。,"附加词汇"
leisure time,空闲时间,,noun,I like reading in my leisure time.,我喜欢在空闲时间读书。,"附加词汇"
warehouse,仓库,,noun,The goods are stored in the warehouse.,货物存放在仓库里。,"附加词汇"
be out sick,请病假,,phrase,John is out sick today.,约翰今天请病假了。,"附加词汇"
stock,备货；贮存,,noun,The store has a large stock of winter clothes.,这家店有大量的冬装存货。,"附加词汇"
goods,货物,,noun,They deliver goods all over the city.,他们向全城运送货物。,"附加词汇"
accept,接受,,verb,She decided to accept the job offer.,她决定接受这份工作邀请。,"附加词汇"
apology,道歉,,noun,We accept your sincere apology.,我们接受你诚挚的道歉。,"附加词汇"
inconvenience,不便；困难,,noun,We apologize for any inconvenience caused.,对于造成的不便，我们深表歉意。,"附加词汇"
cause,引起，使产生，成为…的原因,,noun/verb,Smoking can cause serious health problems.,吸烟会导致严重的健康问题。,"附加词汇"
majority,多数，大多数,,noun,The majority of workers voted for the strike.,大多数工人都投票支持罢工。,"附加词汇"
contract,合同,,noun,They signed a two-year contract.,他们签了一份两年的合同。,"附加词汇"
negotiation,谈判，磋商,,noun,The contract is currently under negotiation.,合同目前正在谈判中。,"附加词汇"
take place,发生,,phrase,The meeting will take place tomorrow.,会议将在明天举行。,"附加词汇"
handle,处理，操作,,verb,Can you handle this difficult task?,你能处理好这个困难的任务吗？,"附加词汇"
next to impossible,几乎不可能,,phrase,Completing this in an hour is next to impossible.,在一小时内完成这个几乎是不可能的。,"附加词汇"
reserve,预订,,verb,I would like to reserve a table for two.,我想预订一张双人桌。,"附加词汇"
respond,回答，响应,,verb,Please respond to my email as soon as possible.,请尽快回复我的电子邮件。,"附加词汇"
connect,连接；联系,,verb,This cable connects the printer to the computer.,这根电缆将打印机连接到电脑。,"附加词汇"
appoint,任命，指派；分配,,verb,She was appointed as the new director.,她被任命为新总监。,"附加词汇"
presentation,陈述，介绍,,noun,His presentation was clear and professional.,他的演示清晰且专业。,"附加词汇"
winner,胜利者，优胜者,,noun,The winner of the competition received a prize.,比赛的获胜者获得了一份奖品。,"附加词汇"
commence,开始；倡导,,verb,The meeting will commence at 9 AM sharp.,会议将于上午9点整开始。,"附加词汇"
precisely,正好；精确地；明确地,,adverb,The train arrived precisely on time.,火车准点到达。,"附加词汇"
follow,接着；跟随,,verb,Please follow me to the conference room.,请跟我去会议室。,"附加词汇"
sports complex,体育中心,,noun,They are building a new sports complex.,他们正在建造一个新的体育中心。,"附加词汇"
accommodate,容纳,,verb,The hotel can accommodate up to 500 guests.,这家酒店最多可容纳500位客人。,"附加词汇"
Olympic-sized,奥运会规格的,,adjective,The hotel features an Olympic-sized swimming pool.,这家酒店拥有一个奥运会规格的游泳池。,"附加词汇"
facility,设施,,noun,The gym has modern fitness facilities.,这家健身房有现代化的健身设施。,"附加词汇"
include,包括,,verb,The price includes breakfast and Wi-Fi.,价格包含早餐和无线网络。,"附加词汇"
fitness center,健身中心,,noun,Guests have free access to the fitness center.,客人可以免费使用健身中心。,"附加词汇"
spa,温泉浴场,,noun,She relaxed at the hotel spa.,她在酒店的温泉浴场放松。,"附加词汇"
to name just a few,举些例子,,phrase,We offer coffee, tea, and juice, to name just a few.,我们提供咖啡、茶和果汁，这只是其中几样。,"附加词汇"
put through,使通过；使经受,,verb phrase,Could you put me through to Mr. Smith?,能帮我转接给史密斯先生吗？,"附加词汇"
a number of,若干，一些，许多,,phrase,A number of employees attended the workshop.,许多员工参加了研讨会。,"附加词汇"
stringent,严格的，严厉的,,adjective,The factory has stringent quality controls.,这家工厂有严格的质量控制。,"附加词汇"
release,发售,,noun/verb,The new smartphone will be released next month.,这款新智能手机将于下个月发布。,"附加词汇"
role,作用；角色,,noun,Everyone played a key role in the project.,每个人都在项目中扮演了关键角色。,"附加词汇"
look for,寻找,,phrase,I am looking for my keys.,我在找我的钥匙。,"附加词汇"
right,合适的；正确的,,adjective,This is the right tool for the job.,这是完成这项工作的合适工具。,"附加词汇"
take over,接管，接替,,verb phrase,He will take over as manager next week.,他将于下周接任经理。,"附加词汇"
leave,离职；离开,,verb,She decided to leave the company.,她决定离开公司。,"附加词汇"
unanimously,无异议地，全体一致地,,adverb,The proposal was approved unanimously.,该提案获得一致通过。,"附加词汇"
perform,执行，完成,,verb,She performs her duties with great care.,她非常细心地履行职责。,"附加词汇"
favorable,有利的；良好的,,adjective,We received favorable feedback from clients.,我们收到了客户的良好反馈。,"附加词汇"
circumstance,情况，形势；环境,,noun,We must adapt to the new circumstances.,我们必须适应新的环境。,"附加词汇"
strike,罢工,,noun/verb,The transport workers went on strike.,交通运输工人罢工了。,"附加词汇"
plant,工厂,,noun,The company opened a new manufacturing plant.,公司开设了一家新的制造工厂。,"附加词汇"
show up to work,上班,,phrase,All staff showed up to work on time.,所有员工都准时上班了。,"附加词汇"
afterwards,然后，后来,,adverb,We had dinner and went to a movie afterwards.,我们吃了晚饭，然后去看电影了。,"附加词汇"
general hospital,综合医院；总医院,,noun,He was taken to the general hospital.,他被送往了综合医院。,"附加词汇"
opening,(职位)空缺,,noun,There is an opening for an accountant.,有一个会计的职位空缺。,"附加词汇"
certified,被鉴定的,,adjective,She is a certified public accountant.,她是一名注册会计师。,"附加词汇"
immediately,立刻，马上,,adverb,Please reply to this message immediately.,请立即回复这条消息。,"附加词汇"
have a sale,廉价出售,,phrase,The clothing store is having a big sale.,这家服装店正在大减价。,"附加词汇"
with savings of up to,节省到,,phrase,Enjoy discounts with savings of up to 50%.,享受高达50%的折扣。,"附加词汇"
clothing,衣服,,noun,They sell children's clothing.,他们出售儿童服装。,"附加词汇"
in celebration of,为庆祝…,,phrase,We held a party in celebration of the success.,我们举办了一场派对来庆祝成功。,"附加词汇"
anniversary,周年纪念日,,noun,They celebrated their wedding anniversary.,他们庆祝了结婚纪念日。,"附加词汇"
conduct a survey,做调查,,phrase,The company conducted a customer satisfaction survey.,公司进行了一项客户满意度调查。,"附加词汇"
low-paying,工资低的,,adjective,He left his low-paying job.,他辞去了那份低薪工作。,"附加词汇"
concern,关心的事,,noun/verb,Safety is our primary concern.,安全是我们首要关心的事。,"附加词汇"
notify,通知，通告,,verb,Please notify us if your address changes.,如果您的地址有变，请通知我们。,"附加词汇"
celebrate,庆祝，祝贺,,verb,They gathered to celebrate her promotion.,他们聚在一起庆祝她晋升。,"附加词汇"
retail,零售(的),,,noun,He works in retail management.,他从事零售管理工作。,"附加词汇"
part,零件,,noun,We need to replace a broken machine part.,我们需要更换一个损坏的机器零件。,"附加词汇"
request,要求，请求,,noun/verb,We received a request for more information.,我们收到了索取更多信息的请求。,"附加词汇"
authority,权力；当局；权威,,noun,She has the authority to sign contracts.,她有权签署合同。,"附加词汇"
appointment,任命，选派；约定,,noun,I have an appointment with the doctor at 3 PM.,我下午3点有个看医生的预约。,"附加词汇"
imply,暗示，进言；必然包含,,verb,His silence seemed to imply consent.,他的沉默似乎暗示同意。,"附加词汇"
endorsement,赞同，认可；宣传；背书,,noun,The product received an endorsement from a celebrity.,该产品得到了某名人的代言。,"附加词汇"
necessarily,必然地；必须地；必要地,,adverb,Expensive items are not necessarily better.,昂贵的物品不一定更好。,"附加词汇"
barely,仅仅，几乎没有；赤裸裸地,,adverb,He barely had enough time to finish the test.,他几乎没有足够的时间完成测试。,"附加词汇"
install,安装,,verb,They will install the new software tomorrow.,他们明天将安装新软件。,"附加词汇"
alarm system,警报系统,,noun,The building is equipped with an alarm system.,大楼配有警报系统。,"附加词汇"
go off,发出响声,,verb phrase,The smoke detector went off.,烟雾探测器响了。,"附加词汇"
enter,输入(信息)；进入,,verb,Please enter your password here.,请在此处输入您的密码。,"附加词汇"
ensure,确保；保证,,verb,Please check to ensure the door is locked.,请检查以确保门锁好了。,"附加词汇"
confirmation call,确认电话,,noun,You will receive a confirmation call before delivery.,您将在配送前收到确认电话。,"附加词汇"
task,任务，作业,,noun,Your primary task is to write reports.,你的主要任务是写报告。,"附加词汇"
complicated,复杂的,,adjective,The instructions were too complicated.,说明书太复杂了。,"附加词汇"
figure out,解决；计算出,,verb phrase,I need to figure out how this machine works.,我需要弄清楚这台机器是如何运作的。,"附加词汇"
on one’s own,独立地，独自地,,phrase,She completed the project on her own.,她独自完成了这个项目。,"附加词汇"
hesitate,犹豫，踌躇,,verb,Do not hesitate to ask if you have questions.,如果您有问题，请尽管问，不要犹豫。,"附加词汇"
hard,艰苦的；困难的,,adjective,It was a hard decision to make.,这是一个艰难的决定。,"附加词汇"
sound,殷实的，资金充实的；健全的,,adjective,The company is in a sound financial position.,公司的财务状况很健全。,"附加词汇"
conference room,会议室,,noun,The meeting is being held in the conference room.,会议正在会议室举行。,"附加词汇"
discuss,讨论,,verb,We need to discuss the new strategy.,我们需要讨论新策略。,"附加词汇"
budget,预算,,noun,We need to stay within our budget.,我们需要控制在预算之内。,"附加词汇"
announce,宣布,,verb,The company announced a new product line.,公司宣布了一条新的产品线。,"附加词汇"
be busy ~ing,忙于做某事,,phrase,She is busy preparing for the presentation.,她正忙着准备演讲。,"附加词汇"
train,训练,,verb,The company trains new employees every month.,公司每个月培训新员工。,"附加词汇"
replacement,接替者,,noun,We are looking for a replacement for John.,我们正在寻找约翰的接替者。,"附加词汇"
mortgage,抵押，按揭,,noun,They applied for a home mortgage.,他们申请了房屋按揭贷款。,"附加词汇"
rate,利率，率,,noun,The bank lowered its interest rate.,银行降低了利率。,"附加词汇"
reveal,透露，泄露,,verb,He refused to reveal the secret.,他拒绝透露这个秘密。,"附加词汇"
cut,削减，降低,,noun/verb,The company announced budget cuts.,公司宣布了预算削减。,"附加词汇"
key,重要的，关键的,,adjective,Communication is key to success.,沟通是成功的关键。,"附加词汇"
across the board,全面地,,phrase,The store announced price cuts across the board.,这家店宣布全面降价。,"附加词汇"
decrease,减少，减小,,noun/verb,There was a decrease in sales this month.,本月销售额有所下降。,"附加词汇"
except for,除…以外,,phrase,Everyone attended the meeting except for Tom.,除了汤姆，大家都参加了会议。,"附加词汇"
lower,降低,,verb,Please lower your voice.,请把声音放低。,"附加词汇"
jump on the wagon,随波逐流,,phrase,Many companies jumped on the digital marketing wagon.,许多公司顺应潮流加入了数字营销行列。,"附加词汇"
plan to do,计划做某事,,phrase,We plan to expand our business overseas.,我们计划将业务扩展到海外。,"附加词汇"
reduce,减少，降低,,verb,We need to reduce costs.,我们需要降低成本。,"附加词汇"
exact,确切的；准确的,,adjective,Can you give me the exact figures?,你能给我准确的数字吗？,"附加词汇"
unknown,未知的,,adjective,The cause of the problem is still unknown.,问题的起因仍然未知。,"附加词汇"
insider,知情人，了解内幕者,,noun,According to an insider, the deal was cancelled.,据内部人士透露，这笔交易被取消了。,"附加词汇"
predict,预计，预言,,verb,Experts predict a rise in inflation.,专家预计通货膨胀率会上升。,"附加词汇"
reduction,减少，降低,,noun,A reduction in staff is expected.,预计将会裁员。,"附加词汇"
similar to,类似于…，与…相似,,phrase,His style is similar to mine.,他的风格和我的很相似。,"附加词汇"
surplus,剩余，盈余,,noun,The country has a trade surplus.,该国拥有贸易顺差。,"附加词汇"
net,净的,,adjective,What is your net income after tax?,你税后的净收入是多少？,"附加词汇"
wealth,财富,,noun,He accumulated great wealth through real estate.,他通过房地产积累了巨大的财富。,"附加词汇"
strategy,策略，战略,,noun,We need a new marketing strategy.,我们需要一个新的营销策略。,"附加词汇"
investment,投资,,noun,Real estate is a good investment.,房地产是一项不错的投资。,"附加词汇"
adviser,顾问,,noun,She works as a financial adviser.,她是一名财务顾问。,"附加词汇"
look to,寻找,,phrase,We are looking to hire a new designer.,我们正打算招一个新设计师。,"附加词汇"
get on the path to,通往…的道路,,phrase,Education helps people get on the path to success.,教育帮助人们走上成功之路。,"附加词汇"
financial,金融的，财务的,,adjective,The company is facing financial difficulties.,公司正面临财务困难。,"附加词汇"
be sure of,对…有把握，确信…,,phrase,I am sure of his honesty.,我确信他是诚实的。,"附加词汇"
take steps,采取步骤，采取措施,,phrase,The government took steps to control inflation.,政府采取了措施控制通货膨胀。,"附加词汇"
existing,现有的,,adjective,We need to improve our existing services.,我们需要改进现有的服务。,"附加词汇"
investment portfolio,投资业务，投资组合,,phrase,He diversified his investment portfolio.,他多元化了他的投资组合。,"附加词汇"
do one’s job,运作；做好自己的工作,,phrase,Everyone must do their job properly.,每个人都必须做好本职工作。,"附加词汇"
shake up,重大调整，重组,,noun,The company announced a major management shake up.,公司宣布了一次重大的管理层重组。,"附加词汇"
middle-income earners,中等收入者,,noun,Tax cuts will benefit middle income earners.,减税将惠及中等收入者。,"附加词汇"
express one’s opinion on,就…发表自己的意见,,phrase,Feel free to express your opinion on this matter.,请就此事畅所欲言。,"附加词汇"
honest,诚实的，坦率的,,adjective,To be honest, I didn't like the movie.,老实说，我不太喜欢这部电影。,"附加词汇"
straightforward,明确的，直接的,,adjective,The instructions were clear and straightforward.,说明书清晰明了。,"附加词汇"
unbiased,没有偏见的,,adjective,We need an unbiased report.,我们需要一份客观公正的报告。,"附加词汇"
support,帮助，支持,,noun/verb,Thank you for your continuous support.,感谢您一直以来的支持。,"附加词汇"
financial goals,财务目标,,phrase,We help clients achieve their financial goals.,我们帮助客户实现他们的财务目标。,"附加词汇"
get ahead on,从…中受益；获得成功,,phrase,Hard work helps you get ahead in life.,努力工作助你在生活中获得成功。,"附加词汇"
effective,有效的,,adjective,This is an effective way to learn English.,这是学习英语的有效方法。,"附加词汇"
investing technique,投资技术,,phrase,He shared his investing techniques with us.,他与我们分享了他的投资技巧。,"附加词汇"
amass,收集，积聚,,verb,He amassed a huge fortune.,他积累了巨额财富。,"附加词汇"
fortune,财富,,noun,She inherited a large fortune.,她继承了一大笔财富。,"附加词汇"
property,资产,,noun,The company owns several pieces of property.,公司拥有几处房产。,"附加词汇"
promote,促进,,verb,The campaign promotes healthy eating.,这项运动倡导健康饮食。,"附加词汇"
cycling,自行车运动,,noun,Cycling is a great way to stay fit.,骑自行车是保持身材的好方法。,"附加词汇"
essential,必要的，必不可少的,,adjective,Water is essential for life.,水是生命必不可少的。,"附加词汇"
element,组成部分，成分,,noun,Trust is a key element of any relationship.,信任是任何关系的关键要素。,"附加词汇"
transportation,运输，交通,,noun,Public transportation is very convenient here.,这里的公共交通非常便利。,"附加词汇"
recognize,认识到,,verb,We must recognize the importance of education.,我们必须认识到教育的重要性。,"附加词汇"
develop,发展，开发,,verb,The city is developing rapidly.,这座城市正在快速发展。,"附加词汇"
development plan,发展计划,,noun,The city council approved the development plan.,市议会批准了发展计划。,"附加词汇"
addition,增加，添加,,noun,The new gym is a great addition to the hotel.,新健身房是酒店的一个绝佳设施。,"附加词汇"
access,通路，进入,,noun/verb,Students have 24-hour access to the library.,学生可以24小时进出图书馆。,"附加词汇"
intention,目的，意图,,noun,It was not my intention to offend you.,我并非有意冒犯你。,"附加词汇"
encourage,鼓励，支持，激励,,verb,Teachers should encourage students to ask questions.,老师应该鼓励学生提问。,"附加词汇"
participation,参与，参加,,noun,Thank you for your active participation.,感谢您的积极参与。,"附加词汇"
in an effort to do,努力做某事,,phrase,They cut prices in an effort to boost sales.,他们降价是为了促进销售。,"附加词汇"
mimic,模仿；像，似,,verb,Some birds can mimic human speech.,有些鸟类能模仿人类说话。,"附加词汇"
benefit,好处，益处,,noun/verb,Regular exercise has many health benefits.,经常锻炼有很多健康益处。,"附加词汇"
such as,例如,,phrase,I like sports such as tennis and swimming.,我喜欢网球和游泳等运动。,"附加词汇"
pollution,污染,,noun,Air pollution is a major problem in big cities.,空气污染是大城市的一个主要问题。,"附加词汇"
traffic congestion,交通堵塞,,noun,Traffic congestion is worst during rush hour.,交通堵塞在高峰时段最严重。,"附加词汇"
advantage,优点，优势；有利条件,,noun,Experience is a big advantage in a job interview.,在面试中经验是一个很大的优势。,"附加词汇"
coordinate,使协调，使搭配,,verb,We need to coordinate our efforts.,我们需要协调各自的努力。,"附加词汇"
interconnect,使互相连接,,verb,All the computers in the office are interconnected.,办公室里的所有电脑都是联网的。,"附加词汇"
surrounding,周围的,,adjective,They explored the surrounding countryside.,他们探索了周围的乡村。,"附加词汇"
setting up,建立，创立,,phrase,They are setting up a new branch office.,他们正在筹建一个新的分公司。,"附加词汇"
provide,提供,,verb,The hotel provides free Wi-Fi for guests.,酒店为客人提供免费无线网络。,"附加词汇"
proposal,建议，提议,,noun,The board of directors approved the proposal.,董事会批准了这项提议。,"附加词汇"
further,更多的，进一步的,,adjective/adverb,For further information, please contact us.,欲了解更多信息，请联系我们。,"附加词汇"
submission,提交，递呈,,noun,The deadline for report submission is Friday.,报告提交的截止日期是周五。,"附加词汇"
form,表单，表格,,noun,Please fill out this application form.,请填写这张申请表。,"附加词汇"
available,可获得的,,adjective,Tickets are available online.,门票可以在网上买到。,"附加词汇"
on behalf of,代表…,,phrase,I am writing on behalf of my company.,我谨代表我的公司写信。,"附加词汇"
would like to do,愿意/意欲做某事,,phrase,I would like to book a room.,我想预订一个房间。,"附加词汇"
hospitality,款待；亲切，殷勤,,noun,Thank you for your wonderful hospitality.,感谢您热情周到的款待。,"附加词汇"
operation,运转，运作,,noun,The factory is back in operation.,这家工厂恢复运营了。,"附加词汇"
setup,设备，装备,,noun,The office has a modern computer setup.,办公室拥有现代化的电脑配置。,"附加词汇"
be impressed with,对…印象深刻,,phrase,We were impressed with her presentation.,她的演讲给我们留下了深刻印象。,"附加词汇"
secure,安全的；可靠的,,adjective,Make sure your password is secure.,确保你的密码是安全的。,"附加词汇"
extend one’s gratitude,表达某人的感激之情,,phrase,I want to extend my gratitude to all of you.,我想向大家表达我的感激之情。,"附加词汇"
in the foreseeable future,在可以预见的未来，在不久的将来,,phrase,Prices will remain stable in the foreseeable future.,在可预见的未来，价格将保持稳定。,"附加词汇"
explore,探索,,verb,They went to explore the ancient city.,他们去探索那座古城。,"附加词汇"
expand,扩展，发展(业务),,,verb,The company plans to expand its overseas market.,公司计划拓展海外市场。,"附加词汇"
synergy,增效作用，协同作用,,noun,Teamwork creates a great synergy.,团队合作创造了巨大的协同效应。,"附加词汇"
pursue,追求，致力于,,verb,She decided to pursue a career in law.,她决定从事法律行业。,"附加词汇"
business partnership,商业伙伴关系,,phrase,They formed a long-term business partnership.,他们建立了长期的商业伙伴关系。,"附加词汇"
look forward to,期待，盼望,,phrase,I look forward to hearing from you soon.,我期待着您的早日回复。,"附加词汇"
response,回答，答复,,noun,We await your prompt response.,我们等待您的迅速回复。,"附加词汇"
celebration,庆祝，庆祝会,,noun,Preparations for the celebration are underway.,庆祝活动的筹备工作正在进行中。,"附加词汇"
opportunity,机会，机遇,,noun,This job is a great opportunity for me.,这份工作对我是个绝佳的机会。,"附加词汇"
exchange,交换,,noun/verb,We exchanged business cards.,我们交换了名片。,"附加词汇"
informal,非正式的，不拘礼的,,adjective,It was an informal meeting among friends.,这是朋友之间的一场非正式会面。,"附加词汇"
atmosphere,气氛,,noun,The restaurant has a cozy atmosphere.,这家餐厅有着温馨的氛围。,"附加词汇"
tradition,传统，惯例,,noun,It is a tradition to eat turkey on Thanksgiving.,感恩节吃火鸡是个传统。,"附加词汇"
superb,极好的,,adjective,The food at the restaurant was superb.,这家餐厅的食物棒极了。,"附加词汇"
functions,社交聚会，宴会,,noun,The hotel hosts various social functions.,这家酒店举办各种社交聚会。,"附加词汇"
convince,说服,,verb,He managed to convince her to join the team.,他设法说服她加入了团队。,"附加词汇"
officially,正式地,,adverb,The new office was officially opened today.,新办公室于今天正式启用。,"附加词汇"
spouse,配偶，夫妻,,noun,Employees can bring their spouses to the party.,员工可以带配偶参加派对。,"附加词汇"
significant,重要的,,adjective,There has been a significant increase in profits.,利润有了显著增长。,"附加词汇"
memorable,值得纪念的，难忘的,,adjective,It was a memorable trip.,这是一次难忘的旅行。,"附加词汇"
yearly,每年的，一年一次的,,adjective,We have a yearly performance review.,我们每年进行一次绩效考核。,"附加词汇"
upcoming,即将来临的,,adjective,We are preparing for the upcoming conference.,我们正在筹备即将到来的会议。,"附加词汇"
sign,签署；在…上签字,,verb,Please sign the document here.,请在这里签署文件。,"附加词汇"
employee,雇员，受雇者,,noun,The company has over 500 employees.,这家公司有500多名员工。,"附加词汇"
yet,尚(未)，还,,adverb,She hasn't finished her report yet.,她还没写完报告。,"附加词汇"
contractor,立约人；承包商,,noun,We hired a contractor to renovate the kitchen.,我们雇了一个承包商来翻修厨房。,"附加词汇"
be aware of,意识到,,phrase,Are you aware of the new rules?,你知道新规定吗？,"附加词汇"
drop by,顺道拜访；造访,,phrase,Feel free to drop by my office anytime.,随时欢迎顺道来我办公室。,"附加词汇"
make it,赶上,,phrase,I'm sorry, but I won't make it to the meeting.,我很抱歉，我赶不上开会了。,"附加词汇"
on time,按时,,phrase,The train arrived right on time.,火车准点到达。,"附加词汇"
co-worker,同事,,noun,She gets along well with her co-workers.,她和同事们相处得很好。,"附加词汇"
workplace,workplace 工作场所,,noun,Safety in the workplace is important.,工作场所的安全很重要。,"附加词汇"
guideline,指南，指导,,noun,Please follow the company guidelines.,请遵循公司的指导方针。,"附加词汇"
address,称呼,,verb,How should I address the manager?,我该如何称呼这位经理？,"附加词汇"
grateful,感谢的，感激的,,adjective,I am very grateful for your help.,非常感谢您的帮助。,"附加词汇"
appropriate,适当的，合适的,,adjective,Wear appropriate clothing for the interview.,面试时请穿合适的衣服。,"附加词汇"
handcraft,手工艺品,,noun,She sells handmade crafts online.,她在网上出售手工艺品。,"附加词汇"
assure,使确信,,verb,I can assure you that the job will be done.,我向你保证工作会完成的。,"附加词汇"
jet-lagged,有时差反应的,,adjective,He felt jet-lagged after the long flight.,长途飞行后他感到有时差反应。,"附加词汇"
registration,登记，注册,,noun,Online registration is required.,需要进行网上注册。,"附加词汇"
paperwork,文书工作,,noun,I have to finish some paperwork before leaving.,我走之前得处理一些文书工作。,"附加词汇"
prompt,迅速的，敏捷的,,adjective,Thank you for your prompt reply.,感谢您的迅速回复。,"附加词汇"
rapport,融洽(关系),,,noun,She builds a good rapport with her clients.,她与客户建立了良好的融洽关系。,"附加词汇"
settle in,安顿下来，适应(新环境),,,phrase,It takes a few days to settle in.,需要几天时间才能安顿下来。,"附加词汇"
equipment,设备，装备,,noun,The office bought new computer equipment.,办公室买新电脑设备了。,"附加词汇"
tailor-made,定做的,,adjective,The suit was tailor-made for him.,这套西装是为他量身定做的。,"附加词汇"
motivated,有积极性的,,adjective,Motivated employees work harder.,有积极性的员工工作更努力。,"附加词汇"
assigned,指定的,,adjective,Please complete your assigned tasks.,请完成你分配到的任务。,"附加词汇"
guidance,指导,,noun,Thank you for your guidance.,谢谢你的指导。,"附加词汇"
treadmill,跑步机,,noun,I run on the treadmill every morning.,我每天早上都在跑步机上跑步。,"附加词汇"
absolutely,完全地；绝对地,,adverb,You are- absolutely right.,你是绝对正确的。,"附加词汇"
affordable,付得起的,,adjective,The restaurant offers affordable meals.,这家餐厅提供价格实惠的餐食。,"附加词汇"
membership,会员资格,,noun,She applied for a gym membership.,她申请了健身房会员。,"附加词汇"
consultation,咨询，请教,,noun,You can book a free consultation.,你可以预约一次免费咨询。,"附加词汇"
athlete,运动员,,noun,The athlete won a gold medal.,这位运动员赢得了一枚金牌。,"附加词汇"
competition,比赛,,noun,She entered a singing competition.,她参加了一场歌唱比赛。,"附加词汇"
nudge,推进，敦促,,verb,He nudged his friend to speak up.,他推了推朋友让他大声说。,"附加词汇"
continuation,延续，继续,,noun,This project is a continuation of our previous work.,这个项目是我们以前工作的延续。,"附加词汇"
lesson,课程,,noun,He takes piano lessons every week.,他每周上钢琴课。,"附加词汇"
personalized,个人化的,,adjective,We offer personalized services.,我们提供个性化服务。,"附加词汇"
vicinity,邻近；接近,,noun,There are several schools in the vicinity.,附近有好几所学校。,"附加词汇"
emergency,紧急情况，突然事件,,noun,In case of an emergency, call 911.,如果遇到紧急情况，请拨打911。,"附加词汇"
developing,(照片)冲印，显影,,noun,The film is ready for developing.,胶卷准备冲洗了。,"附加词汇"
ext.,分机号码,,noun,Please call me at extension 402.,请拨打402分机找我。,"附加词汇"
assistance,帮助，援助,,noun,Do you need any assistance?,你需要帮助吗？,"附加词汇"
luggage,行李,,noun,Please check your luggage before leaving.,离开前请检查您的行李。,"附加词汇"
gym,健身房,,noun,I go to the gym three times a week.,我一周去三次健身房。,"附加词汇"
basement,地下室,,noun,The parking lot is located in the basement.,停车场位于地下室。,"附加词汇"
withdraw,取(款),,,verb,I need to withdraw some money from the ATM.,我需要从自动取款机取点钱。,"附加词汇"
memorandum,备忘录，便笺,,noun,She circulated a memo to all staff.,她向全体员工发了一份备忘录。,"附加词汇"
advertising,广告,,noun,They spend a lot on advertising.,他们在广告上花了很多钱。,"附加词汇"
infant,婴儿，幼儿,,noun,The airline provides special meals for infants.,航空公司为婴儿提供特别餐食。,"附加词汇"
attempt,尝试,,noun/verb,He made an attempt to escape.,他尝试过逃跑。,"附加词汇"
anticipate,期望，盼望,,verb,We anticipate a large turnout for the event.,我们预计这次活动的出席人数会很多。,"附加词汇"
commercial,广告节目,,noun,The TV show was interrupted by commercials.,电视节目被广告打断了。,"附加词汇"
showing,放映,,noun,The movie's evening showing is sold out.,这部电影的晚场放映票已售罄。,"附加词汇"
feature,特载,,noun/verb,The magazine features a story on technology.,这杂志刊登了一篇关于科技的报道。,"附加词汇"
illustration,插图,,noun,The book is full of colorful illustrations.,这本书里充满了色彩斑斓的插图。,"附加词汇"
discount,折扣,,noun,Students get a 10% discount.,学生可享受10%的折扣。,"附加词汇"
recruit,征募,,verb,The company is recruiting new engineers.,公司正在招聘新工程师。,"附加词汇"
documentary,纪录片,,noun,We watched a documentary about wildlife.,我们看了一部关于野生动物的纪录片。,"附加词汇"
spokesperson,代言人,,noun,The company spokesperson made a statement.,公司发言人发表了声明。,"附加词汇"
target,目标,,noun/verb,Our target is to increase sales by 20%.,我们的目标是将销售额提高20%。,"附加词汇"
product,产品,,noun,They launched a new tech product.,他们推出了一款新科技产品。,"附加词汇"
launch,上市,,verb,The new model will launch next month.,新款将于下个月上市。,"附加词汇"
affect,影响,,verb,Bad weather can affect flight schedules.,恶劣天气会影响航班时刻表。,"附加词汇"
ragweed,豚草,,noun,Ragweed pollen causes allergies in autumn.,豚草花粉会在秋天引起过敏。,"附加词汇"
allergy,过敏,,noun,He has a severe peanut allergy.,他对花生严重过敏。,"附加词汇"
suffer,患病，受病痛折磨,,verb,Many people suffer from seasonal allergies.,许多人患有季节性过敏。,"附加词汇"
sneeze,打喷嚏,,verb,Dust always makes me sneeze.,灰尘总让我打喷嚏。,"附加词汇"
runny,流鼻涕的,,adjective,He has a runny nose and a cough.,他流鼻涕还咳嗽。,"附加词汇"
itchy,痒的,,adjective,My eyes are watery and itchy.,我的眼睛又流泪又发痒。,"附加词汇"
watery,(眼睛)泪汪汪的,,adjective,The flu left her with watery eyes.,流感让她眼泪汪汪。,"附加词汇"
institute,研究所，协会,,noun,He works at a research institute.,他在一家研究所工作。,"附加词汇"
volunteer,志愿者,,noun/verb,She works as a hospital volunteer.,她在医院当志愿者。,"附加词汇"
participate,参加，参与,,verb,Everyone is encouraged to participate.,鼓励大家积极参与。,"附加词汇"
experimental,实验的,,adjective,The drug is still at the experimental stage.,这种药物仍处于实验阶段。,"附加词汇"
qualification,资格,,noun,What qualifications do you need for this job?,做这份工作需要什么资格？,"附加词汇"
procedure,程序，步骤,,noun,Follow the correct safety procedures.,遵循正确的安全程序。,"附加词汇"
compensation,补偿金,,noun,He received compensation for the injury.,他因受伤获得了赔偿。,"附加词汇"
contribute,贡献,,verb,Everyone contributed to the project's success.,每个人都为项目的成功做出了贡献。,"附加词汇"
regular,正常的,,adjective,This is a regular check-up.,这是一次常规检查。,"附加词汇"
medical,医学的,,adjective,She needs immediate medical attention.,她需要立即接受医疗救治。,"附加词汇"
breakthrough,突破，突破性进展,,noun,Scientists made a major medical breakthrough.,科学家取得了一项重大的医学突破。,"附加词汇"
cure,治疗，治愈,,noun/verb,Scientists are searching for a cure for the disease.,科学家们正在寻找治愈这种疾病的方法。,"附加词汇"
spread,传播，蔓延,,verb,The news spread quickly.,消息传得很快。,"附加词汇"
come forward,自告奋勇，自愿,,phrase,Several witnesses came forward with information.,几名目击者主动提供线索。,"附加词汇"
climate,气候,,noun,The climate here is very mild.,这里的气候非常温和。,"附加词汇"
specific,具体的,,adjective,Could you be more specific?,你能具体点吗？,"附加词汇"
participant,参加者，参与者,,noun,All participants must register online.,所有参与者都必须在线注册。,"附加词汇"
condition,条件，状况,,noun,The car is in excellent condition.,这辆车状况极佳。,"附加词汇"
contribution,贡献,,noun,Thank you for your valuable contribution.,感谢您宝贵的贡献。,"附加词汇"
deny,拒绝,,verb,He denies any involvement in the crime.,他否认参与这起犯罪。,"附加词汇"
agency,代理，机构,,noun,She works for a travel agency.,她在一家旅行社工作。,"附加词汇"
bankruptcy,破产，倒闭,,noun,The company filed for bankruptcy.,这家公司申请了破产。,"附加词汇"
debt,债，债务,,noun,He is trying to pay off his debts.,他正试图还清债务。,"附加词汇"
exclusive,独家的，专有的,,adjective,This is an exclusive interview.,这是一次独家采访。,"附加词汇"
compliance,按照，遵照,,noun,The company ensures compliance with safety laws.,公司确保遵守安全法。,"附加词汇"
repair,恢复，修复,,noun/verb,My phone is in for repair.,我的手机送修了。,"附加词汇"
legally,合法地,,adverb,The contract is legally binding.,这份合同具有法律约束力。,"附加词汇"
strictly,严格地,,adverb,Smoking is strictly prohibited here.,这里严禁吸烟。,"附加词汇"
confidential,秘密的，机密的,,adjective,This information is strictly confidential.,此信息为绝密。,"附加词汇"
consolidate,合并,,verb,The two companies decided to consolidate.,两家公司决定合并。,"附加词汇"
tax breaks,减税，税额优惠,,phrase,The government offered tax breaks for small businesses.,政府为小企业提供了税收减免。,"附加词汇"
income tax,所得税,,noun,How much income tax do you pay?,你交多少所得税？,"附加词汇"
invest,投资,,verb,He decided to invest in real estate.,他决定投资房地产。,"附加词汇"
potential,潜在的，可能的,,adjective/noun,We see great potential in this market.,我们在这个市场看到了巨大的潜力。,"附加词汇"
counseling,咨询服务,,noun,She offers career counseling.,她提供职业咨询服务。,"附加词汇"
manufacturing,制造业,,noun,He works in the manufacturing sector.,他在制造业工作。,"附加词汇"
take time off,休假，请假,,phrase,I need to take a few days off.,我需要请几天假。,"附加词汇"
sightseeing,观光,,noun,We went sightseeing in Paris.,我们在巴黎观光了。,"附加词汇"
acquire,得到，购得,,verb,The company acquired a smaller rival.,这家公司收购了一个较小的竞争对手。,"附加词汇"
language skills,语言能力,,phrase,Good language skills are required for the job.,这份工作需要良好的语言能力。,"附加词汇"
permission,许可,,noun,You need permission to enter this room.,进这个房间需要获得许可。,"附加词汇"
extend,延长,,verb,The deadline was extended by two days.,截止日期延长了两天。,"附加词汇"
justify,对…做出解释，证明…是正当的,,verb,How can you justify your actions?,你如何证明你的行为是正当的？,"附加词汇"
update,最新信息,,noun/verb,Please check for the latest software update.,请检查最新的软件更新。,"附加词汇"
negotiate,谈判,,verb,They are trying to negotiate a better deal.,他们正试图谈判达成一个更好的交易。,"附加词汇"
valid,有效的,,adjective,Your passport is still valid.,你的护照仍然有效。,"附加词汇"
in conjunction with,与…一起,,phrase,The event was held in conjunction with local businesses.,该活动与当地企业联合举办。,"附加词汇"
exclude,把…排除在外,,verb,The price does not exclude tax.,价格不含税。,"附加词汇"
in cash,用现金付账,,phrase,Can I pay in cash?,我可以用现金付账吗？,"附加词汇"
regular price,正常价格,,phrase,The item is on sale at half the regular price.,这件商品半价出售。,"附加词汇"
ergonomic,人体工学的,,adjective,He bought an ergonomic chair for his office.,他为办公室买了一把人体工学椅。,"附加词汇"
shipping,(货物的)运输,,noun,Shipping is free for orders over $50.,满50美元订单免运费。,"附加词汇"
organize,组织,,verb,She organized a charity event.,她组织了一场慈善活动。,"附加词汇"
convention,大会，会议,,noun,The annual tech convention is held in Las Vegas.,年度科技大会在拉斯维加斯举行。,"附加词汇"
festival,节日；庆祝,,noun,The music festival attracts thousands of fans.,音乐节吸引了成千上万的粉丝。,"附加词汇"
corporate,公司的,,adjective,He works in corporate finance.,他从事公司财务工作。,"附加词汇"
complaint,投诉，抱怨,,noun,We received a customer complaint.,我们收到了一起客户投诉。,"附加词汇"
lectern,讲台,,noun,The speaker stood behind the lectern.,演讲者站在讲台后面。,"附加词汇"
exposition,博览会，展览会,,noun,She attended the trade exposition.,她参加了贸易博览会。,"附加词汇"
pop-up,有弹起装置的,,adjective,A pop-up window appeared on the screen.,屏幕上弹出一个窗口。,"附加词汇"
unfortunate,不幸的,,adjective,It was an unfortunate accident.,这是一场不幸的事故。,"附加词汇"
originally,本来，原来,,adverb,The meeting was originally scheduled for Monday.,会议原本定于周一举行。,"附加词汇"
suggestion,建议，提议,,noun,Thank you for your valuable suggestions.,谢谢你宝贵的建议。,"附加词汇"
inventory,存货清单，详细目录,,noun,The store is closed for inventory.,商店关门盘点库存。,"附加词汇"
eventually,终于，最后,,adverb,He eventually realized his mistake.,他终于意识到了自己的错误。,"附加词汇"
outsource,外包,,verb,The company decided to outsource customer service.,公司决定将客服外包。,"附加词汇"
process,进程，过程,,noun/verb,Learning a language is a slow process.,学习一门语言是一个缓慢的过程。,"附加词汇"
apologize,道歉,,verb,I want to apologize for the delay.,我想为延误道歉。,"附加词汇"
prestige,名贵的，讲究派头的,,adjective,It is a school with high prestige.,这是一所声誉崇高的学校。,"附加词汇"
discerning,有识别力的；敏锐的,,adjective,The restaurant caters to discerning diners.,这家餐厅迎合挑剔的食客。,"附加词汇"
real estate,房地产,,noun,He works in real estate.,他从事房地产工作。,"附加词汇"
residence,住宅，宅邸,,noun,This building is the President's official residence.,这栋建筑是总统的官邸。,"附加词汇"
upscale,高消费阶层的，迎合高层次消费者的,,adjective,They live in an upscale neighborhood.,他们住在高档社区。,"附加词汇"
mansion,公寓,,noun,They live in a large mansion.,他们住在一栋大宅邸里。,"附加词汇"
sloping,倾斜的，有坡度的,,adjective,The house is built on a sloping hill.,房子建在倾斜的山坡上。,"附加词汇"
tastefully,风雅地，高雅地,,adverb,The room was tastefully decorated.,房间布置得很有品味。,"附加词汇"
stunning,漂亮的,,adjective,She wore a stunning dress.,她穿了一件极漂亮的裙子。,"附加词汇"
sandstone,砂岩,,noun,The historic building is made of sandstone.,这座历史建筑是由砂岩建造的。,"附加词汇"
conversion,建筑,,noun,The old warehouse underwent a conversion into apartments.,旧仓库被改造成了公寓。,"附加词汇"
vibrant,充满活力的,,adjective,Tokyo is a vibrant city.,东京是一个充满活力的城市。,"附加词汇"
tranquil,安静的,,adjective,We spent a tranquil weekend in the countryside.,我们在乡度过了宁静的周末。,"附加词汇"
courtyard,庭院，天井,,noun,The hotel has a lovely courtyard.,这家酒店有一个可爱的庭院。,"附加词汇"
endeavor,努力,,noun/verb,His endeavor to succeed paid off.,他取得成功的努力有了回报。,"附加词汇"
sophisticated,不落俗套的,,adjective,She has a sophisticated taste in art.,她对艺术有着成熟且独特的品味。,"附加词汇"
semi-circular,半圆的,,adjective,The room has a semi-circular window.,房间里有一扇半圆形的窗户。,"附加词汇"
adjoin,毗邻，邻接,,verb,His office adjoins mine.,他的办公室与我的办公室相邻。,"附加词汇"
inspection,参观，视察,,noun/verb,The factory is open for safety inspection.,工厂正开放进行安全检查。,"附加词汇"
exhibition,展览,,noun,We visited an art exhibition.,我们参观了一个艺术展。,"附加词汇"
attention,注意，关注,,noun,May I have your attention, please?,请大家注意一下好吗？,"附加词汇"
architect,建筑师,,noun,The architect designed the new museum.,这位建筑师设计了这座新博物馆。,"附加词汇"
candidate,求职者，候选人,,noun,There are three candidates for the job.,有三位候选人竞争这份工作。,"附加词汇"
interviewer,面试官,,noun,The interviewer asked me a difficult question.,面试官问了我一个难题。,"附加词汇"
record,录音,,noun/verb,Please record the meeting.,请把会议录音。,"附加词汇"
inform,通知,,verb,Please inform us of any changes.,如有任何变动请通知我们。,"附加词汇"
termination,终止,,noun,The contract allows for early termination.,合同允许提前终止。,"附加词汇"
impression,印象,,noun,He made a good impression at the interview.,他在面试中留下了好印象。,"附加词汇"
R&D Department,研发部门,,noun,She works in the R&D department.,她在研发部门工作。,"附加词汇"
consideration,考虑,,noun,Thank you for your consideration.,感谢您的考虑。,"附加词汇"
committee,委员会,,noun,The committee approved the plan.,委员会批准了该计划。,"附加词汇"
annual salary,年薪,,phrase,The position offers an attractive annual salary.,这个职位提供诱人的年薪。,"附加词汇"
paid vacation,带薪假期,,phrase,Employees are entitled to two weeks of paid vacation.,员工有权享受两周的带薪假期。,"附加词汇"
comprehensive,综合的，全面的,,adjective,We offer comprehensive insurance coverage.,我们提供全面的保险保障。,"附加词汇"
identical,相同的，一致的,,adjective,Their opinions are identical.,他们的观点完全一致。,"附加词汇"
financial assistance,经济支持,,phrase,He applied for financial assistance for his studies.,他申请了学业经济资助。,"附加词汇"
turn down,拒绝,,verb phrase,She had to turn down the offer.,她不得不拒绝这个提议。,"附加词汇"
terms,条件；项目,,noun,Please read the terms and conditions.,请阅读条款和条件。,"附加词汇"
annual,一年一次的,,adjective,The company holds an annual meeting.,公司每年举行一次会议。,"附加词汇"
fundraiser,资金募集活动，募捐,,noun,They held a charity fundraiser.,他们举办了一场慈善募捐活动。,"附加词汇"
proceeds,收入，收益,,noun,All proceeds will go to charity.,所有收益将捐给慈善机构。,"附加词汇"
community,社区,,noun,We serve the local community.,我们服务当地社区。,"附加词汇"
the elderly,老人,,noun,The center provides care for the elderly.,该中心为老人提供照料。,"附加词汇"
cashier,收银员,,noun,Please pay at the cashier.,请在收银台付款。,"附加词汇"
item,商品,,noun,She added several items to her shopping cart.,她在购物车里添加了几件商品。,"附加词汇"
total,总计，总数,,noun/verb,The total cost was $100.,总费用是100美元。,"附加词汇"
amount,数额,,noun,The amount of money needed is huge.,所需的金额巨大。,"附加词汇"
change,零钱，找头,,noun/verb,Keep the change.,不用找零了。,"附加词汇"
thoroughly,完全地，非常,,adverb,Please read the contract thoroughly.,请仔细阅读合同。,"附加词汇"
reattach,重新安装,,verb,He reattached the broken handle.,他把断了的把手重新装上了。,"附加词汇"
refund,退款,,noun/verb,I would like to request a refund.,我想申请退款。,"附加词汇"
have a chat with sb.,与某人聊天,,phrase,Can I have a chat with you?,我能跟你聊聊吗？,"附加词汇"
staff,员工,,noun,The company has a friendly staff.,公司有一支友善的员工队伍。,"附加词汇"
revision,修订,,noun,The document is ready for revision.,这份文件可以准备修订了。,"附加词汇"
time off,休假,,phrase,She requested a day off.,她请了一天假。,"附加词汇"
orally,口头上地,,adverb,The agreement was made orally.,协议是口头达成的。,"附加词汇"
fill out,填写,,phrase,Please fill out this form.,请填写这张表格。,"附加词汇"
submit,提交,,verb,Submit your application before Friday.,在周五之前提交你的申请。,"附加词汇"
immediate supervisor,直接上级，直接领导,,phrase,Report any issues to your immediate supervisor.,向你的直接上级汇报任何问题。,"附加词汇"
obtain,获得,,verb,You can obtain a map at the front desk.,你可以前台领一份地图。,"附加词汇"
department,部门,,noun,She works in the marketing department.,她在市场部工作。,"附加词汇"
in advance,提前,,phrase,Please book your tickets in advance.,请提前订票。,"附加词汇"
consecutive,连续的,,adjective,It rained for three consecutive days.,连续下了三天雨。,"附加词汇"
carry out,执行，完成,,verb phrase,We must carry out the plan.,我们必须执行这个计划。,"附加词汇"
extended family,大家庭,,phrase,They live with their extended family.,他们和大家庭住在一起。,"附加词汇"
attach,附上,,verb,Please attach your resume to the email.,请将简历附在邮件中。,"附加词汇"
scan,扫描,,verb,Please scan this QR code.,请扫描这个二维码。,"附加词汇"
courthouse,法院,,noun,The trial took place at the courthouse.,审判在法院举行。,"附加词汇"
currently,目前,,adverb,He is currently working on a new project.,他目前正在做一个新项目。,"附加词汇"
look over,翻阅,,verb phrase,Please look over the report.,请翻阅一下这份报告。,"附加词汇"
upload,上传,,verb,Upload your photo to the website.,把你的照片上传到网站上。,"附加词汇"
normally,通常地,,adverb,Normally, I wake up at 7 AM.,我通常早上7点醒来。,"附加词汇"
decline,婉拒,,verb,She had to decline the invitation.,她不得不婉拒邀请。,"附加词汇"
written plan,书面计划,,phrase,Submit a written plan by tomorrow.,明天前提交一份书面计划。,"附加词汇"
reconsider,重新考虑,,verb,Please reconsider your decision.,请重新考虑你的决定。,"附加词汇"
adjust,调解，校正,,verb,You need to adjust your chair height.,你需要调整椅子的高度。,"VITAMIN GRAMMAR"
allocation,分配，分派,,noun,The allocation of resources was discussed.,讨论了资源的分配问题。,"VITAMIN GRAMMAR"
distribute,分发，分,,verb,They distributed flyers on the street.,他们在街上分发传单。,"VITAMIN GRAMMAR"
fund,资金，财源,,noun/verb,They raised funds for charity.,他们为慈善事业筹集资金。,"VITAMIN GRAMMAR"
division,部门,,noun,He works in the software division.,他在软件部门工作。,"VITAMIN GRAMMAR"
scramble,仓促行动,,verb/noun,Workers scrambled to finish the task.,工人们仓促完成任务。,"VITAMIN GRAMMAR"
bid,投标,,noun/verb,Three companies submitted a bid.,三家公司提交了投标书。,"VITAMIN GRAMMAR"
client,顾客,,noun,We value every client.,我们重视每一位客户。,"VITAMIN GRAMMAR"
part (s) of,……的一部分,,phrase,This is part of our strategy.,这是我们策略的一部分。,"VITAMIN GRAMMAR"
maintenance,整理，管理,,noun,The building is closed for maintenance.,大楼因维护而关闭。,"VITAMIN GRAMMAR"
major,主要的，大规模的,,adjective,This is a major breakthrough.,这是一项重大的突破。,"VITAMIN GRAMMAR"
publication,定期出版物，书籍,,noun,The research paper is awaiting publication.,这篇研究论文正等待出版。,"VITAMIN GRAMMAR"
current,现在的，现行的,,adjective,What is your current address?,你目前的地址是什么？,"VITAMIN GRAMMAR"
the number of,……的量，数,,phrase,The number of students has increased.,学生人数有所增加。,"VITAMIN GRAMMAR"
expenditure,(个人或团体的) 支出，消费,,noun,We need to cut down on expenditures.,我们需要削减开支。,"VITAMIN GRAMMAR"
manager,部门经理,,noun,She was promoted to manager.,她被晋升为经理。,"VITAMIN GRAMMAR"
executive,董事，理事,,noun,He is a senior corporate executive.,他是公司的高级行政主管。,"VITAMIN GRAMMAR"
accounting,会计,,noun,She studied accounting in college.,她在大学学的是会计。,"VITAMIN GRAMMAR"
general,通常的，一般的,,adjective,This is a general rule.,这是一条常规。,"VITAMIN GRAMMAR"
talk about + 事物,谈论某事,,phrase,We talked about the project.,我们讨论了那个项目。,"VITAMIN GRAMMAR"
talk with [to] + 人,和某人谈话,,phrase,I need to talk with you.,我需要跟你谈谈。,"VITAMIN GRAMMAR"
advanced,最新的,,adjective,This is an advanced course in English.,这是一门高级英语课程。,"VITAMIN GRAMMAR"
spreadsheet,(电脑) 空白表格程序,,noun,Enter the data into the spreadsheet.,将数据输入电子表格。,"VITAMIN GRAMMAR"
list,罗列,,noun/verb,Make a list of things to buy.,列一张要买的东西的清单。,"VITAMIN GRAMMAR"
expenditures,支出，经费,,noun,Company expenditures rose this year.,公司今年的开支上升了。,"VITAMIN GRAMMAR"
crew,(全体) 职员，船员,,noun,The flight crew was very helpful.,机组人员非常乐于助人。,"VITAMIN GRAMMAR"
power outage,停电,,noun,The storm caused a power outage.,暴风雨导致了停电。,"VITAMIN GRAMMAR"
"assign A to do","让 A 负责……，赋予重任","","phrase","They assigned him to lead the team.","他们指派他领导这个团队。",""
"several market research","几项市场调查","","phrase","We conducted several market researches.","我们做了几项市场调查。",""
"concentrating","集中的，专心的","","adj. / v.","He is concentrating on his final exam.","他正在专心准备期末考试。",""
"assembled","聚集的，组装好的","","adj. / v.","The assembled products are ready for shipping.","组装好的产品已准备好发货。",""
"pick up","买到；捡起；接人","","phrase","I need to pick up a computer from the store.","我需要从店里买台电脑。",""
"stimulating","刺激的，使人兴奋的","","adj.","The seminar was highly stimulating.","研讨会非常鼓舞人心。",""
"dull","乏味的，单调的","","adj.","The lecture was so dull that students fell asleep.","讲座太乏味了，学生都睡着了。",""
"get a hold of","联系上；把握","","phrase","I tried to get a hold of the manager.","我试图联系经理。",""
"manage to","设法做到","","phrase","We managed to finish the project on time.","我们设法按时完成了项目。",""
"show up","出现，露面","","phrase","He didn't show up for the meeting yesterday.","他昨天没有出席会议。",""
"catch in traffic","遇上交通堵塞","","phrase","I was caught in traffic and arrived late.","我遇上了堵车，所以迟到了。",""
"notch","等级，档次；刻痕","","n.","The new phone model is a notch above the previous one.","新款手机比上一代高出一个档次。",""
"Facilities Department","后勤部，设备部","","n.","Please call the Facilities Department to fix the AC.","请打电话给设备部修理空调。",""
"in charge of","负责，主管","","phrase","She is in charge of the marketing team.","她负责营销团队。",""
"check out","结账离开；检查","","phrase","We need to check out of the hotel before noon.","我们需要在中午前结账退房。",""
"grab some lunch","随便吃点午餐","","phrase","Let's take a break and grab some lunch.","我们休息一下去吃点午饭吧。",""
"extension","分机；延期","","n.","You can reach me at extension 104.","您可以拨打分机104联系我。",""
"receptionist","接待员","","n.","The receptionist will give you a visitor badge.","接待员会给您一个访客牌。",""
"urgent","紧急的","","adj.","This is an urgent message from the head office.","这是总公司发来的紧急信息。",""
"take care of","照顾；处理","","phrase","I will take care of the paperwork today.","我今天会处理好文书工作。",""
"humidity","湿度","","n.","The high humidity makes the weather feel hotter.","高湿度让天气感觉更热。",""
"sizzling","炎热的，发出咝咝声的","","adj.","It was a sizzling summer day.","这是一个酷热的夏日。",""
"leave of absence","请假","","phrase","He took a leave of absence for personal reasons.","他因个人原因请了假。",""
"make up one's mind","下定决心","","phrase","Have you made up your mind about the job offer?","你对这份工作邀请做出决定了吗？",""
"head office","总公司，总部","","n.","The head office is located in Tokyo.","总公司位于东京。",""
"required","必需的，要求的","","adj.","A valid ID is required for entry.","进入需要出示有效证件。",""
"be aware of","意识到，知道","","phrase","Please be aware of the new safety rules.","请注意新的安全规定。",""
"coming along fine","进展顺利","","phrase","The new project is coming along fine.","新项目进展顺利。",""
"drop by","顺便拜访","","phrase","Feel free to drop by my office if you need help.","如果需要帮助，随时来我办公室找我。",""
"drive someone crazy","使...发疯，逼疯...","","phrase","This loud construction noise is driving me crazy.","这巨大的施工噪音快把我逼疯了。",""
"freeze","(电脑)死机；冻结","","v.","My computer freezes every time I open this app.","每次我打开这个软件，我的电脑就会死机。",""
"restart","重启","","v.","Try to restart the system if it doesn't work.","如果不起作用，请尝试重启系统。",""
"efficiently","高效率地","","adv.","The new machine works much more efficiently.","新机器运行效率高多了。",""
"component","元件，组件","","n.","The motherboard is a key component of a computer.","主板是电脑的关键组件。",""
"set up","安装(系统)，建立","","phrase","It took me hours to set up the new software.","我花了几个小时才安装好新软件。",""
"properly","适当地，正确地","","adv.","Make sure the device is properly connected.","确保设备已正确连接。",""
"helpful","有帮助的，乐于助人的","","adj.","The staff here is very friendly and helpful.","这里的员工非常友好且乐于助人。",""
"access","访问，使用权","","v. / n.","Only authorized personnel can access this file.","只有授权人员才能访问此文件。",""
"be frustrated with","因为...而感到沮丧/烦恼","","phrase","He is frustrated with the constant delays.","他对不断的延误感到烦恼。",""
"have a sale","促销","","phrase","The mall is having a huge summer sale.","商场正在举行盛大的夏季促销。",""
"purchase","购买","","v. / n.","I need to purchase a new laptop.","我需要购买一台新笔记本电脑。",""
"in that case","在那种情况下","","phrase","In that case, we should cancel the meeting.","在那种情况下，我们应该取消会议。",""
"positive","积极的，肯定的","","adj.","We received positive feedback from the clients.","我们收到了客户的积极反馈。",""
"domestic","国内的；家庭的","","adj.","Domestic flights depart from Terminal 2.","国内航班从2号航站楼起飞。",""
"delay","推迟，延后","","v. / n.","The flight was delayed due to heavy rain.","航班因大雨延误了。",""
"security alert","安全警报","","n.","A security alert was issued for the downtown area.","市中心发布了安全警报。",""
"postpone","推迟","","v.","The outdoor event was postponed until next week.","户外活动被推迟到下周。",""
"condition","条件；情况","","n.","The car is in excellent condition.","这辆车的状况极佳。",""
"security","安全","","n.","Airport security has been tightened recently.","最近机场安保加强了。",""
"complication","难题，困难","","n.","A sudden complication arose during the negotiations.","谈判过程中出现了突发的难题。",""
"occur","发生","","v.","Errors frequently occur in this old system.","这个旧系统经常发生错误。",""
"make a mistake","出错","","phrase","Everyone makes a mistake sometimes.","每个人有时都会犯错。",""
"be held up","被推迟，被耽搁","","phrase","I was held up in traffic for two hours.","我因为堵车被耽搁了两个小时。",""
"make it for","赶上，参加","","phrase","Can you make it for the meeting tomorrow?","你能赶上明天的会议吗？",""
"delivery","交货，配送","","n.","We offer free delivery for orders over $50.","订单满50美元我们提供免费配送。",""
"site","地方，场所","","n.","You must wear a helmet on the construction site.","在建筑工地上必须戴安全帽。",""
"be due back","(到时间)回来","","phrase","The manager is due back from his trip on Monday.","经理预计周一出差回来。",""
"public relations","公共关系 (PR)","","n.","She works in the public relations department.","她在公关部工作。",""
"in-house","室内的，内部的","","adj. / adv.","We conduct all our training in-house.","我们所有的培训都在内部进行。",""
"commute","通勤","","v. / n.","My morning commute takes about 45 minutes.","我早上的通勤时间大约是45分钟。",""
"sector","(工业)园区，部门，领域","","n.","He has extensive experience in the financial sector.","他在金融领域拥有丰富的经验。",""
"commission","委员会；佣金","","n.","The commission is investigating the issue.","委员会正在调查该问题。",""
"transportation","交通，运输","","n.","Public transportation is very convenient in this city.","这个城市的公共交通非常便利。",""
"questionnaire","问卷","","n.","Please take a moment to fill out this questionnaire.","请花一点时间填写这份问卷。",""
"deadline","截止期限","","n.","The deadline for submitting the application is Friday.","提交申请的截止日期是周五。",""
"submission","提交(物)","","n.","Late submissions will not be accepted.","逾期提交将不予接受。",""
"confidential","机密的","","adj.","This report contains confidential information.","这份报告包含机密信息。",""
"conference room","会议室","","n.","The meeting will be held in conference room B.","会议将在B会议室举行。",""
"reserve","预订","","v.","I would like to reserve a table for two.","我想预订一张两人桌。",""
"approval","批准，认可","","n.","We cannot proceed without the manager's approval.","没有经理的批准我们无法继续。",""
"secretary","书记，秘书","","n.","My secretary will schedule an appointment for you.","我的秘书会为您安排预约。",""
"business day","工作日，营业日","","n.","Your order will arrive in 3-5 business days.","您的订单将在3-5个工作日内送达。",""
"authorization","批准，许可","","n.","You need proper authorization to access this area.","你需要适当的许可才能进入该区域。",""
"sales manager","销售经理","","n.","The sales manager set a new target for the team.","销售经理为团队设定了新目标。",""
"salesperson","销售员","","n.","The salesperson was very persuasive.","那位销售员非常有说服力。",""
"procedure","程序，过程","","n.","Please follow the standard safety procedure.","请遵循标准安全程序。",""
"business trip","出差","","n.","He went on a business trip to London.","他去伦敦出差了。",""
"assignment","业务，任务","","n.","She finished her assignment ahead of schedule.","她提前完成了任务。",""
"on-site","内勤的，现场的","","adj.","We provide on-site technical support.","我们提供现场技术支持。",""
"client","顾客，客户","","n.","We always try to meet our clients' needs.","我们始终尽力满足客户的需求。",""
"sales force","(集合的)销售人员","","n.","Our sales force is expanding nationwide.","我们的销售团队正在全国范围内扩张。",""
"employee lounge","职员休息室","","n.","Coffee is available in the employee lounge.","职员休息室提供咖啡。",""
"auditorium","礼堂","","n.","The seminar will be held in the main auditorium.","研讨会将在主礼堂举行。",""
"blueprint","计划，蓝图","","n.","The architect presented the blueprint for the building.","建筑师展示了大楼的蓝图。",""
"full-time","专职的，全职的","","adj.","She is looking for a full-time position.","她正在寻找一份全职工作。",""
"benefits","附加奖金，福利","","n.","The company offers excellent health benefits.","公司提供极好的健康福利。",""
"commuter","通勤者","","n.","The train is crowded with commuters every morning.","每天早上火车上挤满了通勤者。",""
"compensation","补偿，报酬","","n.","The compensation package is very attractive.","这份薪酬方案非常有吸引力。",""
"payroll","工资单","","n.","The new HR system manages the payroll efficiently.","新人事系统高效地管理工资单。",""
"reimbursement","偿还，退款，报销","","n.","Submit your receipts for travel reimbursement.","提交您的收据以申请差旅报销。",""
"budget","预算","","n.","We have to complete the project within the budget.","我们必须在预算内完成该项目。",""
"accountant","会计人员","","n.","Our accountant will review the financial statements.","我们的会计将审核财务报表。",""
"investor","投资者","","n.","The startup is looking for a new investor.","这家初创公司正在寻找新投资者。",""
"performance","业绩，成果；表现","","n.","He was promoted because of his excellent performance.","他因表现出色而获得晋升。",""
"quarter","一季度","","n.","Profits fell in the third quarter.","第三季度利润下降了。",""
"conduct research","开展调查","","phrase","The team will conduct research on market trends.","团队将对市场趋势展开调查。",""
"in cooperation with","与...合作","","phrase","The event is held in cooperation with the local government.","该活动是与当地政府合作举办的。",""
"take part in","参加...","","phrase","Many students took part in the volunteer program.","许多学生参加了志愿者项目。",""
"enclosed","附上的","","adj.","Please find the enclosed documents for your review.","请查阅附上的文件。",""
"urge","要求，敦促","","v.","I urge you to consider this proposal carefully.","我敦促您仔细考虑这个提案。",""
"distribute","分发，分配","","v.","The teacher will distribute the test papers now.","老师现在要分发试卷了。",""
"forward","递送，转交","","v.","Please forward this email to the entire team.","请将此邮件转发给整个团队。",""
"concern","关系到，影响到；关注","","v. / n.","This matter concerns the safety of our employees.","此事关系到我们员工的安全。",""
"immediately","马上，立即","","adv.","Please contact us immediately if you have any issues.","如有任何问题请立即联系我们。",""
"submit","提交","","v.","You must submit the report by Friday.","你必须在周五前提交报告。",""
"in advance","预先，提前","","phrase","Please buy your tickets in advance.","请提前购票。",""
"in response to","回答...，应答...","","phrase","I am writing in response to your inquiry.","我写信是为回复您的询问。",""
"keep in mind","记住","","phrase","Keep in mind that the store closes at 9 PM.","记住商店晚上9点关门。",""
"make an amendment","修改","","phrase","We need to make an amendment to the contract.","我们需要对合同进行修改。",""
"at short notice","急忙，在短时间内通知","","phrase","He had to leave for Paris at short notice.","他接到临时通知必须赶往巴黎。",""
"depend on","取决于，由...左右","","phrase","The success of the project will depend on our teamwork.","项目的成功将取决于我们的团队合作。",""
"apply for","申请...","","phrase","She plans to apply for a scholarship.","她打算申请奖学金。",""
"fill out","填写","","phrase","Please fill out this application form.","请填写这份申请表。",""
"attach","附上","","v.","I will attach the file to my next email.","我会在下一封邮件中附上该文件。",""
"go over","检查，复习","","phrase","Let's go over the details one more time.","让我们把细节再检查一遍。",""
"revise","修改","","v.","He had to revise the manuscript three times.","他不得不把手稿修改了三次。",""
"register for","注册...","","phrase","Don't forget to register for the upcoming conference.","别忘了注册即将到来的会议。",""
"consecutive","连续不断的","","adj.","It has rained for five consecutive days.","已经连续下了五天雨。",""
"available","可用的；有空的","","adj.","The manager is not available at the moment.","经理现在没空。",""
"proper","正式的，恰当的","","adj.","You need to wear proper attire for the interview.","你需要穿恰当的服装参加面试。",""
"as well as","也，以及","","phrase","She speaks French as well as English.","她不仅会说英语，还会说法语。",""
"unexpectedly","突然，未料到地","","adv.","The meeting was canceled unexpectedly.","会议被突然取消了。",""
"embarrassing","难堪的，困惑的","","adj.","It was an embarrassing mistake to make.","这是一个令人难堪的错误。",""
"detailed","详细的","","adj.","Please provide a detailed description of the issue.","请提供该问题的详细描述。",""
"extremely","非常，极其","","adv.","The weather in winter can be extremely cold here.","这里的冬天天气可能会极冷。",""
"disappointing","令人失望的","","adj.","The sales figures for this month were disappointing.","这个月的销售数据令人失望。",""
"due","...时候截止的","","adj.","The assignment is due next Monday.","作业下周一截止。",""
"paperwork","文件，文书工作","","n.","There is a lot of paperwork involved in buying a house.","买房涉及大量的文书工作。",""
"vehicle","车辆","","n.","No unauthorized vehicles are allowed to park here.","未经授权的车辆不准在此停放。",""
"improve","提高，改善","","v.","We are looking for ways to improve our service.","我们正在寻找改善服务的方法。",""
"contact","联系","","v. / n.","Please contact our support team for help.","请联系我们的支持团队寻求帮助。",""
"summary","概要，总结","","n.","Write a brief summary of the book.","写一份这本书的简短概要。",""
"accommodation","住宿","","n.","The price includes flights and accommodation.","价格包含机票和住宿。",""
"amendment","修改，修正案","","n.","An amendment was added to the new law.","新法律增加了一项修正案。",""
"matter","问题，事件","","n.","This is a private matter and not for discussion.","这是私事，不予讨论。",""
"acquaint with","使熟悉，使了解","","phrase","You need to acquaint yourself with the new system.","你需要让自己熟悉新系统。",""
"regarding","关于...","","prep.","I have a question regarding my recent order.","我有一个关于我最近订单的问题。",""
"convene","聚集，开会","","v.","The board will convene tomorrow morning.","董事会将于明早开会。",""
"present","发表，呈现","","v.","She will present her findings at the conference.","她将在会议上发表她的发现。",""
"understanding","理解，谅解","","n.","Thank you for your understanding.","感谢您的理解。",""
"inclusion","包含；内含物","","n.","The inclusion of tax makes the price higher.","包含税费使价格变高了。",""
"advice","建议","","n.","My lawyer gave me some excellent advice.","我的律师给了我一些极好的建议。",""
"qualify","有资格，取得资格","","v.","You must work here for a year to qualify for paid leave.","你必须在这里工作满一年才有资格享受带薪休假。",""
"consider","考虑","","v.","We will consider your request carefully.","我们会认真考虑你的请求。",""
"enable","使能够","","v.","This feature enables users to share files easily.","此功能使用户能够轻松分享文件。",""
"specify","明示，详细说明","","v.","The contract specifies the conditions of employment.","合同详细说明了雇佣条件。",""
"remind","提醒","","v.","Please remind me to call the supplier at 3 PM.","请提醒我在下午三点给供应商打电话。",""
"design","计划，设计","","v. / n.","The curriculum is designed to help beginners.","该课程专为帮助初学者而设计。",""
"supervisor","管理者，上司","","n.","You must report this issue to your supervisor.","你必须向你的主管报告这个问题。",""
"remove from","把...从...移走","","phrase","Please remove your belongings from the desk.","请将您的私人物品从桌上拿走。",""
"premises","建筑及附属场地","","n.","Alcohol is strictly forbidden on the company premises.","公司场地内严禁饮酒。",""
"grant","给予，授予","","v.","The bank granted him a loan.","银行批准了他的贷款。",""
"cancel","取消，撤销","","v.","I had to cancel my reservation due to illness.","由于生病，我不得不取消预订。",""
"technology","技术","","n.","Technology is evolving at a rapid pace.","技术正在快速发展。",""
"convention","集会；协定","","n.","The annual comic convention will be held in July.","年度漫画展将于七月举行。",""
"department","部门，机构","","n.","Please forward this to the human resources department.","请将此转发给人力资源部。",""
"assistance","帮助，援助","","n.","We require technical assistance to fix the bug.","我们需要技术援助来修复这个漏洞。",""
"attendance","出席；出席者，出席率","","n.","Attendance is mandatory for all staff members.","所有员工必须出席。",""
"mandatory","强制的，义务的","","adj.","Attendance at the safety drill is mandatory.","参加安全演习是强制性的。",""
"application form","申请表","","n.","Please submit your application form by Friday.","请在周五前提交您的申请表。",""
"in order to","为了","","phrase","She worked overtime in order to finish the report.","为了完成报告，她加了班。",""
"receive","收到，获得","","v.","I did not receive the confirmation email.","我没有收到确认邮件。",""
"training course","培训课程","","n.","New employees must attend the training course.","新员工必须参加培训课程。",""
"demonstration","示范，游行","","n.","The chef gave a cooking demonstration.","厨师进行了烹饪示范。",""
"education","教育","","n.","A good education is the key to a better future.","良好的教育是通向更好未来的关键。",""
"reservation","预订","","n.","I made a dinner reservation for two.","我预订了两个人的晚餐。",""
"company","公司","","n.","He works for a multinational tech company.","他在一家跨国科技公司工作。",""
"memorandum","备忘录","","n.","The CEO sent a memorandum to all departments.","首席执行官向所有部门发送了备忘录。",""
"service representative","服务代表","","n.","Our customer service representative will assist you.","我们的客户服务代表将协助您。",""
"code","代码，规则","","n.","The dress code for the party is formal.","派对的着装要求是正装。",""
"compare","比较","","v.","Let's compare the prices of these two laptops.","让我们比较一下这两台笔记本电脑的价格。",""
"separate","分开；独立的","","v. / adj.","Please keep the original and copy separate.","请将原件和复印件分开存放。",""
"represent","代表","","v.","She was chosen to represent our department at the meeting.","她被选为代表我们部门参加会议。",""
"customer","顾客","","n.","Customer satisfaction is our top priority.","顾客满意度是我们的首要任务。",""
"report","报告","","v. / n.","He reported the incident to the police.","他向警方报告了这一事件。",""
"copy","副本；拷贝","","n.","Please make a copy of this document for your records.","请复印一份此文件留作记录。",""
"service","服务","","n.","The hotel provides excellent room service.","这家酒店提供极好的客房服务。",""
"result","结果","","n.","The survey results will be published next month.","调查结果将于下个月公布。",""
"notice","通知；注意到","","n. / v.","Did you see the notice on the bulletin board?","你看到公告栏上的通知了吗？",""
"firm","公司；坚定的","","n. / adj.","She works for a law firm in the city.","她在城里的一家律师事务所工作。",""
"poor performance","业绩不佳","","phrase","The stock dropped due to poor performance this quarter.","由于本季度业绩不佳，股票下跌了。",""
"discuss","讨论","","v.","We need to discuss the new marketing strategy.","我们需要讨论新的营销策略。",""
"comment","评论","","n. / v.","Do you have any comments on the proposal?","你对这项提案有什么评论吗？",""
"speak","说","","v.","He will speak at the conference tomorrow.","他明天将在会议上发言。",""
"address","向...发表演讲/述说；地址","","v. / n.","The president will address the nation tonight.","总统今晚将向全国发表演讲。",""
"member","成员","","n.","She is a valuable member of our team.","她是我们团队中很有价值的成员。",""
"design team","设计团队","","n.","The design team is working on the new logo.","设计团队正在设计新商标。",""
"complain","抱怨","","v.","Several guests complained about the noise last night.","几位客人抱怨了昨晚的噪音。",""
"search","搜索","","v. / n.","I am searching for my lost keys.","我正在寻找丢失的钥匙。",""
"corporate","公司的","","adj.","Corporate taxes will be increased next year.","明年公司税将会增加。",""
"seasonal","季节的，季节性的","","adj.","We hire seasonal workers during the holidays.","我们在假期期间雇佣季节性工人。",""
"demand","要求，需要","","n. / v.","There is a high demand for organic products right now.","目前市场对有机产品的需求很高。",""
"availability","可用性","","n.","Please check the availability of the conference room.","请检查会议室是否空闲。",""
"situation","情况，处境","","n.","The economic situation is improving.","经济形势正在好转。",""
"advanced","提前的，高级的","","adj.","Advanced booking is required for this tour.","该行程需要提前预订。",""
"booking","预订，预约","","n.","I made a hotel booking online.","我在网上预订了酒店。",""
"unmarried","未婚的，单身的","","adj.","The tax rate is different for unmarried individuals.","未婚人士的税率有所不同。",""
"homeowner","自己拥有住房者","","n.","The government offers tax breaks for homeowners.","政府为房主提供税收减免。",""
"analyst","分析家","","n.","A financial analyst predicted the market crash.","一位金融分析师预测了市场崩盘。",""
"observation","评论，意见；观察","","n.","His careful observation helped solve the problem.","他仔细的观察帮助解决了问题。",""
"stable","稳定的","","adj.","The company’s financial condition remains stable.","公司的财务状况保持稳定。",""
"independently","独立地","","adv.","He prefers to work independently rather than in a team.","他更喜欢独立工作而不是团队合作。",""
"pressure","压力","","n.","He works very well under pressure.","他在压力下工作表现非常好。",""
"settle down","安顿下来","","phrase","They plan to buy a house and settle down.","他们打算买房安顿下来。",""
"qualified","有资格的","","adj.","She is highly qualified for the position.","她非常符合这个职位的资格要求。",""
"surpass","超越，胜过","","v.","The final sales numbers surpassed our expectations.","最终的销售数据超出了我们的预期。",""
"capable","能...的，有能力的","","adj.","He is capable of handling difficult situations.","他有能力处理困难局面。",""
"formality","程序，正式手续","","n.","The interview was just a formality.","面试仅仅是个形式。",""
"mortgage","抵押贷款","","n. / v.","They took out a 30-year mortgage to buy the house.","他们办了30年的抵押贷款来买房。",""
"traditional","传统的","","adj.","They served traditional Italian food at the wedding.","他们在婚礼上供应传统的意大利美食。",""
"give in to","屈服于...","","phrase","Do not give in to peer pressure.","不要屈服于同辈压力。",""
"investment","投资","","n.","Buying real estate is considered a safe investment.","购买房地产被认为是一种安全的投资。",""
"predict","预测","","v.","It is hard to predict the stock market accurately.","准确预测股市是很难的。",""
"interest","兴趣；利息","","n.","The bank offers a high rate of interest on savings accounts.","银行对储蓄账户提供高利率。",""
"real estate","房地产","","n.","Investing in real estate can be highly profitable.","投资房地产可以获得高额利润。",""
"reclaim","收回，要回","","v.","You can reclaim the tax paid on these goods.","你可以申请退回这些商品缴纳的税款。",""
"resort to","诉诸于...，求助于...","","phrase","We had to resort to legal action to get our money back.","为了拿回钱，我们不得不诉诸法律行动。",""
"blender","混合器，搅拌机","","n.","I use a blender to make smoothies every morning.","我每天早上用搅拌机做冰沙。",""
"juicer","榨汁机","","n.","Freshly squeezed orange juice from the juicer is the best.","榨汁机榨出的新鲜橙汁是最好的。",""
"strain","极度紧张，过度劳累","","n. / v.","Working 80 hours a week put a strain on his health.","每周工作80小时使他的健康严重受损。",""
"regime","养生法；政权","","n.","He follows a strict fitness regime.","他遵循严格的健身养生法。",""
"chase away","赶走，驱逐","","phrase","The loud noise chased away the birds.","巨大的噪音把鸟儿赶走了。",""
"automatically","自动地","","adv.","The doors open automatically when you approach.","当你靠近时门会自动打开。",""
"peel","削...皮","","v. / n.","Could you peel an apple for me?","你能帮我削个苹果吗？",""
"rinse","清洗，冲洗","","v.","Rinse the vegetables thoroughly before cooking.","烹饪前要把蔬菜彻底冲洗干净。",""
"breeze","微风；轻松的事情","","n.","Passing the test was a breeze for her.","对她来说，通过考试是件轻而易举的事。",""
"compost","混合肥料","","n. / v.","We use compost for our garden.","我们把混合肥料用在花园里。",""
"dietary","饮食的","","adj.","Do you have any special dietary requirements?","您有什么特殊的饮食要求吗？",""
"recipe","食谱","","n.","This chocolate cake recipe is very easy to follow.","这个巧克力蛋糕食谱很容易学。",""
"accessory","配件","","n.","She bought a new phone accessory online.","她在网上买了一个新手机配件。",""
"doubt","怀疑，疑问","","n. / v.","I have no doubt that he will succeed.","我毫不怀疑他会成功。",""
"claim","主张，声称","","v. / n.","The company claims its products are 100% natural.","公司声称其产品是100%天然的。",""
"analysis","分析","","n.","A detailed analysis of the data is required.","需要对数据进行详细分析。",""
"prove","证明","","v.","They need evidence to prove his innocence.","他们需要证据来证明他的清白。",""
"positively","确实地；积极地","","adv.","I positively forbid you to go there.","我确实禁止你去那里。",""
"preservatives","防腐剂","","n.","This juice contains no artificial preservatives.","这果汁不含人工防腐剂。",""
"chemicals","化学添加剂，化学药品","","n.","Avoid cleaning products containing harsh chemicals.","避免使用含有刺激性化学物质的清洁产品。",""
"inordinate","过度的","","adj.","He spends an inordinate amount of time playing games.","他在玩游戏上花费了过度的时间。",""
"packaging","包装","","n.","The new environmentally friendly packaging reduces waste.","环保新包装减少了浪费。",""
"substitute","代替，取代","","v. / n.","You can substitute oil for butter in this recipe.","在这个食谱中你可以用油代替黄油。",""
"skip","放弃，跳过","","v.","I decided to skip breakfast this morning.","我决定今天早上不吃早饭了。",""
"completely","完全地，十分","","adv.","The new design is completely different from the old one.","新设计与旧设计完全不同。",""
"balanced","平衡的，均衡的","","adj.","A balanced diet is essential for good health.","均衡的饮食对健康至关重要。",""
"freshly","新，新近","","adv.","I love the smell of freshly brewed coffee.","我喜欢刚煮好的咖啡的香味。",""
"apparently","显然","","adv.","Apparently, he forgot about our meeting.","显然，他忘了我们的会议。",""
"alert","警示；警觉的","","n. / v. / adj.","An alert message popped up on the screen.","屏幕上弹出了一条警示信息。",""
"carefully","仔细地","","adv.","Please read the instructions carefully.","请仔细阅读说明书。",""
"excessively","过分地","","adv.","The room was excessively decorated.","房间装饰得过分了。",""
"wrap","包装","","v. / n.","Could you wrap this gift for me?","你能帮我包装一下这个礼物吗？",""
"nutrient","营养(物质)","","n.","Vegetables are full of essential nutrients.","蔬菜富含必需的营养物质。",""
"rent...to","将...租给","","phrase","He decided to rent his apartment to a student.","他决定把公寓租给一个学生。",""
"request","要求，请求","","v. / n.","You can request a refund if you are not satisfied.","如果你不满意，可以申请退款。",""
"sign a contract","签合同","","phrase","We are ready to sign a contract with the supplier.","我们准备与供应商签订合同。",""
"timeline","时间线，时间表","","n.","Please provide a clear timeline for the project.","请提供该项目清晰的时间表。",""
"inspector","检查员","","n.","The safety inspector will visit the site tomorrow.","安全检查员明天将视察现场。",""
"supplier","供应商","","n.","We changed our paper supplier last month.","上个月我们更换了纸张供应商。",""
"interior decorator","室内装潢师","","n.","They hired an interior decorator for their new house.","他们为新房子雇了一位室内装潢师。",""
"in person","亲自","","phrase","You must pick up the tickets in person.","你必须亲自去取票。",""
"for sale","出售","","phrase","This vintage car is for sale.","这辆老爷车正在出售。",""
"occupy","占据","","v.","The new desk occupies too much space.","新桌子占据了太多空间。",""
"undergo","经历","","v.","The building will undergo major renovations next month.","这栋大楼下个月将进行大修。",""
"major","重大的，主要的","","adj.","This update includes major security fixes.","此更新包含重大的安全修复。",""
"renovation","翻新，修理","","n.","The office is closed for major renovation.","办公室因大修而关闭。",""
"contractor","承包商","","n.","The general contractor is responsible for the construction.","总承包商负责施工。",""
"indicate","表明，指出","","v.","The survey indicates a drop in customer satisfaction.","调查表明客户满意度有所下降。",""
"be willing to","愿意","","phrase","Are you willing to work on weekends?","你愿意在周末工作吗？",""
"approve of","同意，批准","","phrase","My parents don't approve of my career choice.","我父母不同意我的职业选择。",""
"work","奏效，管用","","v.","The new strategy seems to work well.","新策略似乎很管用。",""
"gardening","园艺","","n.","She enjoys gardening in her free time.","她喜欢在空闲时间做园艺。",""
"trim","修剪","","v. / n.","He needs to trim his beard.","他需要修剪一下胡子。",""
"prune","修整(枝条)","","v.","Spring is the best time to prune the roses.","春天是修剪玫瑰的最佳时机。",""
"harvest","收获，收割","","v. / n.","The farmers are busy with the wheat harvest.","农民们正忙着收割小麦。",""
"obsession","着迷，痴迷","","n.","His obsession with cleanliness is well known.","他有洁癖是众所周知的。",""
"benefit","对...有益；福利","","v. / n.","Exercise will benefit your overall health.","锻炼对你的整体健康有益。",""
"beautify","美化","","v.","Volunteers planted trees to beautify the neighborhood.","志愿者种树来美化社区。",""
"environment","环境","","n.","We strive to create a safe working environment.","我们努力创造一个安全的工作环境。",""
"fragrant","芳香的，馥郁的","","adj.","The garden is filled with fragrant flowers.","花园里开满了芬芳的鲜花。",""
"recognize","认识到，认出","","v.","I didn't recognize her with her new haircut.","她剪了新发型我都没认出她来。",""
"council","委员会，理事会","","n.","The city council approved the new budget.","市议会批准了新预算。",""
"generous","丰富的，慷慨的","","adj.","Thank you for your generous donation.","感谢您的慷慨捐赠。",""
"entry","参赛；进入","","n.","The deadline for competition entry is tomorrow.","比赛报名的截止日期是明天。",""
"resident","居民","","n.","Local residents complained about the traffic noise.","当地居民抱怨交通噪音。",""
"eligible","有资格的","","adj.","Only full-time employees are eligible for this bonus.","只有全职员工才有资格获得此奖金。",""
"judge","裁判，评委；评判","","n. / v.","The judges gave her a perfect score.","评委们给了她满分。",""
"entrant","参加者","","n.","All entrants will receive a free T-shirt.","所有参赛者都将免费获得一件T恤。",""
"discretion","斟酌决定的自由；谨慎","","n.","Viewer discretion is advised for this film.","建议观众谨慎观看此片。",""
"correspondence","通信","","n.","All correspondence should be addressed to the HR manager.","所有信件应寄给人力资源经理。",""
"competition","比赛，竞争","","n.","There is fierce competition in the smartphone market.","智能手机市场竞争激烈。",""
"contestant","参赛者","","n.","The contestant won a million dollars on the show.","参赛者在节目中赢得了一百万美元。",""
"photograph","照片","","n. / v.","He took a beautiful photograph of the sunset.","他拍了一张美丽的日落照片。",""
"property","财产，所有权；房地产","","n.","This building is private property.","这栋大楼是私人财产。",""
"assess","评判，评估","","v.","We need to assess the damage after the storm.","我们需要评估暴风雨后的损失。",""
"criteria","标准(复数)","","n.","What are the criteria for selecting a candidate?","挑选候选人的标准是什么？",""
"overall","整体的","","adj. / adv.","The overall cost of the project is $10,000.","该项目的整体成本是一万美元。",""
"contribution","贡献","","n.","She made a significant contribution to the team.","她对团队做出了重大贡献。",""
"streetscape","街景","","n.","The new lighting improved the streetscape at night.","新照明改善了夜间的街景。",""
"eco-friendliness","对环境有利，环保","","n.","Consumers value the eco-friendliness of packaging.","消费者重视包装的环保性。",""
"relatives","亲戚","","n.","I am visiting my relatives this weekend.","这周末我要去拜访亲戚。",""
"agency","机构，代理","","n.","They hired an advertising agency to run the campaign.","他们雇了一家广告公司来负责这项活动。",""
"contract","签订合同；合同","","v. / n.","We signed a two-year contract with them.","我们与他们签订了为期两年的合同。",""
"promote","推广，促进；推销；晋升","","v.","The new campaign is designed to promote our products.","新活动旨在推广我们的产品。",""
"spruce up","装饰，打扮","","phrase","We need to spruce up the living room before guests arrive.","在客人到来之前我们需要把客厅收拾打扮一下。",""
"out in the open","露天的，公开的","","phrase","The concert will be held out in the open.","音乐会将在露天举行。",""
"refer","提及，参考","","v.","Please refer to the manual for troubleshooting.","故障排除请参考手册。",""
"evaluate","评估，评价","","v.","The committee will evaluate the proposals next week.","委员会下周将评估这些提案。",""
"arrangement","安排，布置","","n.","We need to make travel arrangements for the trip.","我们需要为这次旅行做行程安排。",""
"appearance","外表，出现","","n.","You shouldn't judge people by their appearance.","你不应该以貌取人。",""
"scent","气味，香味","","n.","This perfume has a lovely floral scent.","这款香水有种迷人的花香。",""
"invitation","邀请，请帖","","n.","Did you receive the invitation to the wedding?","你收到婚礼请柬了吗？",""
"retirement","退休","","n.","He is looking forward to his retirement next year.","他盼望着明年的退休生活。",""
"proactively","主动地","","adv.","We need to solve problems proactively.","我们需要主动解决问题。",""
"qualification","资格，合格条件","","n.","Do you have the right qualifications for this job?","你具备这份工作的合适资格吗？",""
"oblivion","遗忘，湮没","","n.","The old tradition has faded into oblivion.","古老的传统已被遗忘。",""
"independence","独立","","n.","The country gained its independence in 1945.","该国在1945年获得了独立。",""
"introductory","介绍的，引导的","","adj.","He gave an introductory speech before the seminar.","他在研讨会前作了介绍性发言。",""
"session","会议，一段时间","","n.","The afternoon training session begins at 1 PM.","下午的培训会议下午一点开始。",""
"essential","重要的，基本的，必要的","","adj.","Water is essential for all living things.","水对所有生物都是必不可少的。",""
"dimension","方面；尺寸","","n.","Please measure the exact dimensions of the room.","请测量房间的准确尺寸。",""
"creativity","创造力","","n.","This job requires a lot of creativity.","这份工作需要很强的创造力。",""
"opportunity","机会","","n.","This is a great opportunity to learn new skills.","这是学习新技能的大好机会。",""
"inspirational","有灵感的，鼓舞人心的","","adj.","Her speech was highly inspirational.","她的演讲非常鼓舞人心。",""
"founder","创立者，创始人","","n.","Steve Jobs was the co-founder of Apple.","史蒂夫·乔布斯是苹果公司的联合创始人。",""
"RSVP","请回复 (Répondez s'il vous plaît)","","phrase","Please RSVP by next Friday if you can attend.","如果您能出席，请在下周五前回覆。",""
"establish","建立","","v.","The company was established in 1990.","该公司成立于1990年。",""
"independent","独立的","","adj.","We hired an independent auditor to check the accounts.","我们聘请了一位独立审计师来核查账目。",""
"consulting","咨询的","","adj.","She works for a large consulting firm.","她在一家大型咨询公司工作。",""
"practice","工作，业务活动；练习","","n. / v.","His legal practice is based in New York.","他的法律业务设在纽约。",""
"leverage","平衡；利用","","v. / n.","We can leverage our resources to increase sales.","我们可以利用我们的资源来增加销售额。",""
"strategic","战略的，策略的","","adj.","The merger was a strategic move to dominate the market.","合并是主导市场的战略举措。",""
"development","开发，发展","","n.","The software is still in the development phase.","该软件仍处于开发阶段。",""
"process","工序，程序","","n.","The hiring process usually takes about three weeks.","招聘过程通常需要大约三周的时间。",""
"extensively","广泛地","","adv.","The system has been extensively tested.","该系统已进行了广泛的测试。",""
"merger","合并","","n.","The shareholders voted to approve the merger.","股东们投票批准了合并。",""
"expertise","专业技能","","n.","She has a lot of expertise in digital marketing.","她在数字营销方面拥有丰富的专业知识。",""
"efficient","效率高的","","adj.","The new engine is much more efficient.","新发动机效率高得多。",""
"conversation","会话，谈话","","n.","I had a long conversation with the manager.","我和经理进行了一次长谈。",""
"innovative","创新的","","adj.","The company is known for its innovative designs.","该公司以其创新设计而闻名。",""
"appreciate","感谢，赏识","","v.","We appreciate your prompt reply.","感谢您的及时回复。",""
"make a business trip","出差","","phrase","I have to make a business trip to Tokyo next week.","我下周必须去东京出差。",""
"counterpart","对应的人或物","","n.","The minister met with his French counterpart.","部长会见了他的法国同行。",""
"operation","运转，操作","","n.","The factory is currently in full operation.","工厂目前正在全面运转。",""
"furthermore","而且，此外","","adv.","The house is beautiful; furthermore, it's in a great location.","这房子很漂亮；而且，位置极佳。",""
"apologize","道歉","","v.","I apologize for the delay.","我为延误道歉。",""
"sudden","突然的","","adj.","There was a sudden change in the weather.","天气突然发生了变化。",""
"issue","问题；发布","","n. / v.","We encountered a technical issue with the server.","我们在服务器上遇到了技术问题。",""
"copier","复印机","","n.","The copier in the office is broken again.","办公室的复印机又坏了。",""
"break down","出毛病，损坏","","phrase","My car broke down on the highway.","我的车在高速公路上抛锚了。",""
"repair","修理，修补","","v. / n.","The mechanic will repair the engine tomorrow.","机修工明天会修理引擎。",""
"vendor","供应商；卖主","","n.","We are looking for a new software vendor.","我们正在寻找新的软件供应商。",""
"presentation","报告会，介绍会","","n.","He gave a wonderful presentation on sales strategies.","他就销售策略做了一场精彩的报告。",""
"down the street","沿街","","phrase","The post office is just down the street.","邮局就在沿街不远处。",""
"charge...to...","把...记在...的账上","","phrase","Please charge this expense to my company account.","请把这笔费用记在我的公司账户上。",""
"account","账户；账目","","n.","I'd like to open a savings account.","我想开一个储蓄账户。",""
"malfunction","故障，失灵","","n. / v.","The machine stopped working due to a malfunction.","机器因故障停止运行。",""
"inquire","打听；询问","","v.","I am writing to inquire about your language courses.","我写信是想询问你们的语言课程。",""
"find out","发现；查明，弄清楚","","phrase","I will call them to find out more details.","我会打电话给他们以查明更多细节。",""
"reduction","减少，降低","","n.","The company announced a reduction in staff.","公司宣布裁员。",""
"payment","支付的款项","","n.","The first payment is due next week.","第一笔付款下周到期。",""
"outstanding","未偿付的；杰出的","","adj.","You have an outstanding balance on your credit card.","您的信用卡上有一笔未偿付的余额。",""
"implement","使生效；执行","","v.","We will implement the new policy next month.","我们将于下个月执行新政策。",""
"bi-weekly","两周一次的，双周的","","adj.","We hold bi-weekly team meetings.","我们每两周开一次团队会议。",""
"effective","有效的","","adj.","The law becomes effective on January 1st.","该法律于1月1日生效。",""
"ensure","保证，确保","","v.","Please ensure all windows are closed before leaving.","离开前请确保所有窗户都已关好。",""
"automatic","自动的","","adj.","The car has an automatic transmission.","这辆车是自动挡的。",""
"withdrawal","提款，撤退","","n.","He made a cash withdrawal from the ATM.","他从自动取款机里提取了现金。",""
"current","现在的，最近的","","adj.","What is your current address?","您现在的地址是什么？",""
"hesitate","犹豫，踌躇","","v.","Don't hesitate to ask if you need help.","如果需要帮助请不要犹豫。",""
"consolidated","团结的，统一的","","adj.","We have consolidated our debts into one single payment.","我们已将债务合并为一笔付款。",""
"restructure","调整，重组","","v.","The company plans to restructure its management team.","公司计划重组其管理团队。",""
"repayment","偿还","","n.","The loan repayment schedule is flexible.","贷款偿还计划很灵活。",""
"satisfaction","满意","","n.","Customer satisfaction is very important to us.","客户满意度对我们非常重要。",""
"diligence","勤奋","","n.","He achieved success through diligence and hard work.","他通过勤奋和努力工作取得了成功。",""
"cooperation","合作，协力","","n.","We appreciate your cooperation in this matter.","感谢您在此事上的合作。",""
"superior","优秀的；上司","","adj. / n.","This model has superior performance to the older one.","该型号的性能优于旧型号。",""
"noticeable","明显的，值得注意的","","adj.","There has been a noticeable improvement in her work.","她的工作有了明显的改善。",""
"remit","汇款","","v.","Please remit payment upon receipt of the invoice.","收到发票后请即汇款。",""
"paycheck","付薪水的支票","","n.","I deposit my paycheck into my bank account every month.","我每个月把工资支票存入银行账户。",""
"overdue","过期的，逾期的","","adj.","Your payment is two weeks overdue.","您的付款已经逾期两周了。",""
"artisan","工匠，技工","","n.","These boots are made by local artisans.","这些靴子是当地工匠制作的。",""
"inaugural","开幕的，就职的","","adj.","The president delivered his inaugural address.","总统发表了就职演说。",""
"craft","精心制作；手工艺","","v. / n.","The furniture was crafted from solid oak.","这件家具是由实心橡木精心制作的。",""
"remarkably","引人注目地，非常地","","adv.","She is remarkably calm under pressure.","她在压力下异常冷静。",""
"astound","使惊骇，使大吃一惊","","v.","His sudden resignation astounded everyone.","他突然辞职让所有人大吃一惊。",""
"proceeds","(售物或演出等的)收入，收益","","n.","All proceeds from the concert will go to charity.","音乐会的所有收益都将捐给慈善机构。",""
"drawing","素描；绘图","","n.","The architect showed us the detailed drawing of the house.","建筑师向我们展示了房子的详细图纸。",""
"sculpture","雕塑，雕刻","","n.","The museum has a collection of ancient Roman sculptures.","博物馆收藏有古罗马雕塑。",""
"secure","保证，确保；安全的","","v. / adj.","He managed to secure a huge contract for the firm.","他设法为公司拿下了一份大合同。",""
"participant","参加者，参与者","","n.","Each participant will receive a certificate.","每位参与者都将获得一份证书。",""
"coordinator","协调者","","n.","She works as a project coordinator.","她的工作是项目协调员。",""
"rental","租赁，租用的","","n. / adj.","Car rental prices peak during the summer.","汽车租赁价格在夏季达到顶峰。",""
"special offer","特别优惠","","phrase","This special offer ends on Friday.","此特别优惠周五结束。",""
"discount","折扣","","n.","Employees get a 20% discount on all purchases.","员工购买所有商品可享受八折优惠。",""
"bonus","奖金，红利","","n.","The manager received a large year-end bonus.","经理获得了一大笔年终奖。",""
"in its entirety","完整地","","phrase","Please read the document in its entirety.","请完整阅读该文件。",""
"notify","通知","","v.","We will notify you when your order is shipped.","当您的订单发货时我们会通知您。",""
"special rates","特价优惠","","phrase","We offer special rates for large groups.","我们为大型团体提供特价优惠。",""
"sedan","轿车","","n.","He rented a four-door sedan for the trip.","他租了一辆四门轿车去旅行。",""
"luxury car","豪华轿车","","n.","The executive was driven in a luxury car.","高管乘坐豪华轿车。",""
"sports car","跑车","","n.","He loves driving his red sports car.","他喜欢开他的红色跑车。",""
"membership","会员资格","","n.","Gym membership fees are due next month.","下个月要交健身房会员费了。",""
"temporary","暂时的，临时的","","adj.","He found a temporary job during the summer.","他在暑假期间找到了一份临时工作。",""
"password","密码","","n.","Please enter your username and password.","请输入您的用户名和密码。",""
"be eligible for","有...资格","","phrase","You must be 18 to be eligible for this program.","你必须年满18岁才有资格参加此项目。",""
"sign up","注册，报名","","phrase","You can sign up for the newsletter on our website.","您可以在我们的网站上注册订阅时事通讯。",""
"brochure","小册子","","n.","The travel agency gave us a brochure about Hawaii.","旅行社给了我们一本关于夏威夷的小册子。",""
"hotline","热线(电话)","","n.","Call our customer service hotline for assistance.","请拨打我们的客户服务热线寻求帮助。",""
"confirm","确认","","v.","Please confirm your reservation by email.","请通过邮件确认您的预订。",""
"pickup","取车，接人","","n.","The airport pickup service is provided for free.","提供免费的机场接机服务。",""
"rate","费用，价格；比率","","n.","The hotel room rate is $150 per night.","酒店房价是每晚150美元。",""
"drop-off","还车，放下","","n.","The rental car drop-off point is at Terminal 1.","租车还车点在1号航站楼。",""
"tank","油箱，水箱","","n.","Make sure to fill the gas tank before returning the car.","还车前请确保加满油箱。",""
"gas","汽油，气体","","n.","Gas prices have gone up again.","汽油价格又涨了。",""
"charge","收费；充电","","n. / v.","There is a small delivery charge.","有少量的配送费。",""
"additional","额外的","","adj.","Any additional requests will cost extra.","任何额外要求都需要另外收费。",""
"branch","分公司，分支","","n.","Our bank has a new branch in the city center.","我们银行在市中心开了一家新分行。",""
"returning customers","回头客","","phrase","We offer special discounts to returning customers.","我们为回头客提供特别折扣。",""
"coupon","优惠券","","n.","I used a 10% off coupon for my purchase.","我购物时用了一张九折优惠券。",""
"pamphlet","小册子","","n.","The doctor handed me a pamphlet about healthy eating.","医生递给我一本关于健康饮食的小册子。",""
"sticker","贴纸","","n.","He put a bumper sticker on his car.","他在车保险杠上贴了一张贴纸。",""
"hand in","上交，提交","","phrase","Please hand in your homework tomorrow.","请明天交作业。",""
"resignation","辞呈，辞职","","n.","The CEO submitted his resignation yesterday.","首席执行官昨天递交了辞呈。",""
"assign","分配；指派","","v.","The teacher will assign homework to the class.","老师会给全班布置作业。",""
"travel arrangements","行程安排","","phrase","The secretary is making travel arrangements for the boss.","秘书正在为老板做行程安排。",""
"get in touch with","与某人取得联系","","phrase","I will get in touch with you as soon as I arrive.","我一到就会联系你。",""
"in addition","除此之外，另外","","phrase","The room is spacious; in addition, it has a great view.","房间很宽敞；此外，视野也很好。",""
"review","审查，复习，评论","","v. / n.","We need to review the contract before signing.","我们在签约前需要审查合同。",""
"prior to","在某事之前","","phrase","Please submit the forms prior to the deadline.","请在截止日期前提交表格。",""
"be up for","为...做好准备，打算参加","","phrase","Are you up for a movie tonight?","你今晚想去看电影吗？",""
"renegotiate","重新谈判","","v.","The union wants to renegotiate the wage agreement.","工会希望重新谈判工资协议。",""
"overcharge","对...索价过高","","v.","I think the taxi driver overcharged us.","我觉得出租车司机多收了我们钱。",""
"threaten","威胁","","v.","The boss threatened to fire him if he was late again.","老板威胁说如果他再迟到就解雇他。",""
"lower","降低","","v.","The store lowered its prices to attract more customers.","商店降低了价格以吸引更多顾客。",""
"lead accountant","财务主管","","n.","The lead accountant will audit the books.","财务主管将审计账目。",""
"be familiar with","通晓某事，熟悉某事","","phrase","I am not very familiar with this software.","我对这个软件不是很熟悉。",""
"inform","告知，通知","","v.","Please inform us if there are any changes.","如有任何变动请通知我们。",""
"senior","高级的，年长的","","adj.","He holds a senior management position.","他担任高级管理职位。",""
"transfer","调动；换岗","","v. / n.","She requested a transfer to the London office.","她申请调到伦敦办事处。",""
"R&D Department","研发部","","n.","The R&D Department is developing a new prototype.","研发部正在开发一个新原型。",""
"at one's request","应某人的要求","","phrase","The file was deleted at the client's request.","应客户要求删除了该文件。",""
"stellar","优秀的，出色的","","adj.","She gave a stellar performance in the play.","她在剧中奉献了出色的表演。",""
"instruction","命令，指示；说明","","n.","Follow the instruction manual carefully.","请仔细遵循说明书指示。",""
"co-worker","同事","","n.","I am having lunch with a co-worker today.","我今天和一个同事吃午饭。",""
"travel agent","旅行社代理人","","n.","The travel agent booked our flights to Paris.","旅行代理帮我们预订了去巴黎的航班。",""
"travel abroad","出国旅行","","phrase","He loves to travel abroad during the summer.","他喜欢在夏天出国旅行。",""
"facility","设施，设备","","n.","The hotel has an excellent fitness facility.","这家酒店拥有极好的健身设施。",""
"assembly line","装配线；流水线","","n.","He works on the assembly line in a car factory.","他在一家汽车工厂的流水线工作。",""
"diploma","毕业文凭","","n.","You need a high school diploma for this job.","这份工作需要高中文凭。",""
"multitasker","同时处理多个任务的人","","n.","She is an excellent multitasker in the office.","她在办公室是个处理多项任务的高手。",""
"demeanor","举止，风度","","n.","His calm demeanor helped diffuse the situation.","他平静的举止帮助缓和了局势。",""
"plus","优势，长处；加","","n. / adj.","Having a second language is a huge plus.","掌握第二语言是一个巨大的优势。",""
"driver's license","驾驶执照","","n.","You need to show your driver's license to rent a car.","租车需要出示驾照。",""
"driving record","行驶记录","","n.","He has a clean driving record with no accidents.","他有良好的驾驶记录，没有事故。",""
"punctual","准时的，守时的","","adj.","He is very punctual and always arrives on time.","他非常守时，总是按时到达。",""
"lift","提；抬；举","","v.","This box is too heavy for me to lift.","这个箱子太重了，我抬不起来。",""
"weigh","重量为，称重","","v.","The package weighs about 5 pounds.","这个包裹重约5磅。",""
"up to","多达，高达","","phrase","The store offers discounts up to 50% off.","该店提供高达五折的优惠。",""
"numerous","无数的，许多的","","adj.","She has received numerous awards for her work.","她的工作获得了无数奖项。",""
"schedule","安排；预定；日程表","","n. / v.","My schedule is full for this week.","我这周的日程已经满了。",""
"subsequently","后来，随后","","adv.","He was arrested and subsequently convicted.","他被捕并随后被定罪。",""
"orientation","(岗前等的)培训，训练","","n.","New employee orientation is held on Monday.","新员工培训在周一举行。",""
"take place","发生，举行","","phrase","The concert will take place in the park.","音乐会将在公园举行。",""
"according to","根据","","prep.","According to the weather forecast, it will rain tomorrow.","根据天气预报，明天会下雨。",""
"advantage","优点，好处","","n.","One major advantage of this software is its speed.","这款软件的一个主要优点是速度快。",""
"annual","每年的，一年一次的","","adj.","The company will hold its annual meeting in July.","公司将在七月举行年会。",""
"appoint","任命，委派","","v.","The board decided to appoint him as the new CEO.","董事会决定任命他为新任首席执行官。",""
"appreciation","赏识；感激","","n.","We sent them a gift in appreciation of their support.","我们送了一份礼物以感谢他们的支持。",""
"approach","靠近，接近；方法","","v. / n.","We need a new approach to solve this problem.","我们需要一种新方法来解决这个问题。",""
"aspect","方面","","n.","They discussed every aspect of the marketing plan.","他们讨论了营销计划的每一个方面。",""
"candidate","候选人，应聘者","","n.","She is the best candidate for the managerial position.","她是这个经理职位的最佳人选。",""
"character","特征；品质","","n.","Honesty is a key character of a good employee.","诚实是好员工的关键品质。",""
"colleague","同事","","n.","I will discuss the project with my colleagues tomorrow.","我明天会和同事讨论这个项目。",""
"compassion","同情，怜悯","","n.","The nurse showed great compassion for her patients.","护士对她的病人表现出了极大的同情。",""
"convenient","便利的，方便的","","adj.","Please reply at your earliest convenient time.","请在您最方便的时候尽早回复。",""
"courteous","彬彬有礼的，谦恭的","","adj.","The hotel staff is known for being very courteous.","这家酒店的员工以彬彬有礼而闻名。",""
"desirable","理想的，中意的","","adj.","It is highly desirable to have previous sales experience.","有销售经验是非常理想的。",""
"desperate","孤注一掷的；拼死的","","adj.","They are in desperate need of financial aid.","他们急需经济援助。",""
"durable","经久的，持久的","","adj.","This material is highly durable and waterproof.","这种材料非常耐用且防水。",""
"excessive","格外的；极端的","","adj.","Excessive noise in the office can affect productivity.","办公室里过度的噪音会影响工作效率。",""
"experienced","经验丰富的，老练的","","adj.","We are looking for an experienced graphic designer.","我们正在寻找一位经验丰富的平面设计师。",""
"fabulous","极好的，惊人的","","adj.","We had a fabulous time at the company retreat.","我们在公司的团建活动中玩得极好。",""
"feasibility","可能性，可行性","","n.","The committee will study the feasibility of the project.","委员会将研究该项目的可行性。",""
"fine","罚款；好的","","n. / v. / adj.","He had to pay a fine for illegal parking.","他因为违章停车不得不交罚款。",""
"gruesome","可怕的","","adj.","The movie had some really gruesome scenes.","这部电影有一些非常可怕的场景。",""
"ideal","理想的","","adj. / n.","This location is ideal for our new branch.","这个位置是我们开设新分店的理想选择。",""
"impressive","给人深刻印象的","","adj.","Her presentation skills were quite impressive.","她的演讲技巧令人印象深刻。",""
"inexperienced","无经验的，不熟练的","","adj.","The new intern is eager but a bit inexperienced.","新来的实习生很积极，但有些缺乏经验。",""
"intimate","亲切的；亲密的","","adj.","The restaurant offers an intimate dining experience.","这家餐厅提供温馨亲切的就餐体验。",""
"live","生动的，现场的","","adj.","We went to a live concert last night.","昨晚我们去听了一场现场音乐会。",""
"necessary","必要的，必需的","","adj.","It is necessary to wear a helmet on the construction site.","在建筑工地上必须戴安全帽。",""
"optional","可选择的","","adj.","Attendance at the afternoon seminar is optional.","下午研讨会的出席是可选的。",""
"popular","受欢迎的；普遍的","","adj.","Our new product line is very popular among teenagers.","我们的新产品线在青少年中非常受欢迎。",""
"potential","可能的，潜在的","","adj. / n.","We must identify potential risks before investing.","在投资前我们必须识别潜在风险。",""
"premier","最著名的；第一的","","adj.","This is the premier hotel in the downtown area.","这是市中心最著名的酒店。",""
"protective","给予保护的，保护的","","adj.","Workers must wear protective clothing in the lab.","工人在实验室必须穿防护服。",""
"reliable","可靠的，可信赖的","","adj.","We need a reliable delivery service for our goods.","我们需要一个可靠的货物配送服务。",""
"rural","乡村的","","adj.","The government is investing in rural development.","政府正在投资乡村发展。",""
"significant","重要的；显著的","","adj.","There has been a significant increase in sales.","销售额有了显著增长。",""
"spectacular","壮观的","","adj.","The view from the top floor is truly spectacular.","顶楼的风景真是太壮观了。",""
"strict","严格的；严厉的","","adj.","We have strict safety regulations in this factory.","在这个工厂我们有严格的安全规定。",""
"talented","有天赋的；有才能的","","adj.","She is a highly talented musician.","她是一位极具天赋的音乐家。",""
"tough","困难的，艰苦的","","adj.","We had to make some tough decisions this quarter.","这个季度我们不得不做出一些艰难的决定。",""
"unbearably","难以忍受地","","adv.","The weather outside is unbearably hot.","外面的天气热得令人难以忍受。",""
"valued","尊贵的；宝贵的","","adj.","You are one of our most valued customers.","您是我们最尊贵的客户之一。",""
"vast","大量的；广阔的","","adj.","The vast majority of employees support the change.","绝大多数员工支持这一改变。",""
"widespread","普遍的；广泛的","","adj.","The new policy received widespread support.","新政策获得了广泛支持。",""
"administer","执行，实施","","v.","The HR department will administer the new test.","人力资源部将实施这项新测试。",""
"advance","发展，进步","","v. / n.","Technology continues to advance at a rapid pace.","科技继续快速发展。",""
"attract","吸引","","v.","The sale is expected to attract many new customers.","促销活动预计将吸引许多新客户。",""
"cater to","迎合","","v.","Our services cater to small and medium-sized businesses.","我们的服务迎合中小企业的需求。",""
"choose","选择","","v.","You can choose the color that best fits your style.","你可以选择最适合你风格的颜色。",""
"communicate","交流","","v.","It is important to communicate effectively with your team.","与团队进行有效的交流很重要。",""
"congratulate","祝贺，贺喜","","v.","I want to congratulate you on your promotion.","我想祝贺你的晋升。",""
"define","定义；解释","","v.","Can you define what success means to your company?","你能解释一下成功对你们公司意味着什么吗？",""
"embezzle","盗用，挪用","","v.","The accountant was caught trying to embezzle company funds.","会计因企图挪用公司资金被抓。",""
"enroll","登记，注册","","v.","Please enroll in the training program by Friday.","请在周五前注册参加培训项目。",""
"entertain","使娱乐；招待，款待","","v.","The company hired a band to entertain the guests.","公司请了一支乐队来招待客人。",""
"exaggeration","夸张；夸大之词","","n.","To call it a total failure is an exaggeration.","说它是彻底的失败有点夸张了。",""
"extend","延长","","v.","We decided to extend the deadline by two weeks.","我们决定将截止日期延长两周。",""
"figure out","解决；计算出","","v.","We need to figure out why the system crashed.","我们需要查明系统崩溃的原因。",""
"forecast","预测","","v. / n.","Experts forecast a slight drop in interest rates.","专家预测利率将略有下降。",""
"impress","使有印象","","v.","He managed to impress the interviewers with his skills.","他用自己的技能给面试官留下了深刻印象。",""
"indict","控告，指控","","v.","He was indicted for tax fraud.","他因税务欺诈被起诉。",""
"interpret","翻译；口译","","v.","We hired someone to interpret for the foreign delegates.","我们雇了人给外国代表做口译。",""
"involve","牵涉；包含","","v.","The new project will involve a lot of research.","这个新项目将涉及大量的研究。",""
"join","参加；加入","","v.","Would you like to join us for lunch?","你想和我们一起吃午饭吗？",""
"land jobs","落实工作","","phrase","Many graduates struggle to land jobs in this economy.","在当前的经济形势下，许多毕业生很难找到工作。",""
"meet one's goal","达到某人的目标","","phrase","We worked overtime to meet our sales goal.","我们加班工作以达成销售目标。",""
"perform","表现；执行","","v.","The new engine performs better than the old one.","新发动机的表现比旧的更好。",""
"persist","坚持","","v.","If the problem persists, please contact technical support.","如果问题持续存在，请联系技术支持。",""
"possess","拥有","","v.","The ideal candidate should possess strong leadership skills.","理想的候选人应具备很强的领导能力。",""
"prefer","更喜欢；更倾向于","","v.","Most employees prefer to work from home on Fridays.","大多数员工更倾向于周五在家办公。",""
"raise","提高；养育","","v.","The company plans to raise prices next month.","公司计划下个月提高价格。",""
"regard","注重；考虑；关于","","v. / n.","We regard safety as our top priority.","我们将安全视为重中之重。",""
"release","发售，发布","","v. / n.","The software company will release an update soon.","软件公司很快就会发布更新。",""
"retire","退休","","v.","Mr. Smith plans to retire at the end of the year.","史密斯先生计划在年底退休。",""
"seek","寻找，寻求","","v.","We are seeking a qualified accountant for our firm.","我们正在为公司寻找一位合格的会计师。",""
"settle back","仰靠在椅背上；安顿下来","","v.","After a long trip, she finally settled back in her chair.","经过长途旅行后，她终于舒服地靠在了椅子上。",""
"suit","适合；套装","","v. / n.","This schedule doesn't suit my current lifestyle.","这个日程安排不适合我目前的生活方式。",""
"take","需要；花费","","v.","It will take about two hours to finish the report.","完成这份报告大约需要两个小时。",""
"triple","使成三倍","","v. / adj.","Our online sales have tripled over the last three years.","在过去三年里，我们的在线销售额增加了两倍。",""
"action plan","行动计划","","n.","We need to draft a solid action plan for the next quarter.","我们需要为下个季度起草一份可靠的行动计划。",""
"ad","广告","","n.","They placed an ad in the local newspaper.","他们在当地报纸上登了一则广告。",""
"advancement","前进，进步；晋升","","n.","There are many opportunities for career advancement here.","这里有很多职业晋升的机会。",""
"booklet","小册子","","n.","Please read the instruction booklet before using the machine.","使用机器前请阅读说明手册。",""
"business hours","营业时间","","n.","Our standard business hours are 9 AM to 5 PM.","我们的标准营业时间是早上9点到下午5点。",""
"career","职业生涯","","n.","She has built a successful career in marketing.","她在营销领域建立了一番成功的事业。",""
"celebration","庆祝会，典礼","","n.","The company hosted a large celebration for its 50th anniversary.","公司为其50周年举办了盛大的庆典。",""
"challenge","挑战","","n. / v.","Entering a new market presents a significant challenge.","进入新市场带来了巨大的挑战。",""
"condolence","哀悼，吊唁","","n.","We send our deepest condolences to his family.","我们向他的家人致以最深切的哀悼。",""
"construction","建设，施工","","n.","The construction of the new bridge will begin next week.","新桥的建设将于下周开始。",""
"corporate ladder","公司的晋升制度","","n.","He worked hard to climb the corporate ladder quickly.","他努力工作以便在公司的晋升阶梯上快速攀升。",""
"cost","价钱；成本","","n. / v.","We need to find ways to reduce the manufacturing cost.","我们需要找到降低制造成本的方法。",""
"description","描写，描述","","n.","Read the job description carefully before you apply.","申请前请仔细阅读职位描述。",""
"desire","渴望","","n. / v.","She has a strong desire to succeed in her profession.","她有在职业生涯中取得成功的强烈愿望。",""
"dispute","争论，争执","","n. / v.","The management and the union settled their dispute.","管理层和工会解决了他们的争端。",""
"edition","版","","n.","The revised edition of the book will be published soon.","这本书的修订版很快就会出版。",""
"enrollment","入学人数；注册","","n.","Enrollment in our online courses has increased this year.","今年我们在线课程的注册人数增加了。",""
"expression","表达","","n.","This gift is an expression of our gratitude.","这份礼物表达了我们的感激之情。",""
"feature","特别报道，特写；特征","","n. / v.","The new smartphone has a facial recognition feature.","新款智能手机具有面部识别功能。",""
"field","领域","","n.","He is a respected expert in the field of artificial intelligence.","他是人工智能领域受人尊敬的专家。",""
"gala","庆祝，聚会","","n.","They attended a charity gala to raise money for the hospital.","他们参加了一场慈善晚宴为医院筹款。",""
"ghetto","贫民区","","n.","He grew up in a poor ghetto but became very successful.","他在贫民区长大，但取得了巨大成功。",""
"grand opening","隆重开业","","n.","You are invited to the grand opening of our new store.","邀请您参加我们新店的隆重开业典礼。",""
"heritage","遗产","","n.","The old castle is part of our national heritage.","那座古堡是我们国家遗产的一部分。",""
"holiday season","休假旺季","","n.","Retailers usually see a boost in sales during the holiday season.","零售商通常在休假旺季会迎来销售增长。",""
"interpreter","译员","","n.","An interpreter was present to help with the negotiations.","现场有一名译员协助谈判。",""
"interpretation","翻译，口译；解释","","n.","Her interpretation of the data was very insightful.","她对数据的解释非常深刻。",""
"layout","版面设计；布局","","n.","The designer changed the layout of the magazine.","设计师改变了杂志的版面设计。",""
"likes and dislikes","好恶","","phrase","Every customer has their own likes and dislikes.","每个顾客都有自己的喜恶。",""
"luminaries","名人，杰出人物","","n.","Several luminaries from the scientific community attended.","几位科学界的杰出人物出席了会议。",""
"majority vote standard","多数票决标准","","phrase","The decision was made using a majority vote standard.","决定是根据多数票决标准做出的。",""
"modes of transportation","交通工具","","phrase","Buses and trains are common modes of transportation.","公交车和火车是常见的交通工具。",""
"move","措施，对策；移动","","n. / v.","Opening a new branch was a smart business move.","开设新分店是明智的商业举措。",""
"noise","噪音","","n.","Please keep the noise down in the library.","在图书馆请保持安静。",""
"open space","露天场所，空地","","phrase","The park has plenty of open space for kids to play.","公园有很多空地供孩子们玩耍。",""
"pension","退休金","","n.","The company offers a generous retirement pension plan.","公司提供慷慨的退休金计划。",""
"pet dislike","特别讨厌的事物","","phrase","My pet dislike is people chewing loudly.","我最讨厌的就是别人大声咀嚼。",""
"physically","身体上","","adv.","The job is physically demanding.","这项工作对体力要求很高。",""
"pollution","污染","","n.","The factory installed new filters to reduce air pollution.","工厂安装了新过滤器以减少空气污染。",""
"portrayal","饰演，描绘","","n.","His portrayal of the character was praised by critics.","他对该角色的饰演受到了评论家的赞扬。",""
"position","职位；位置","","n.","She applied for a management position in the company.","她申请了公司的管理职位。",""
"process","程序；过程","","n.","The hiring process usually takes about three weeks.","招聘过程通常需要大约三周的时间。",""
"profit","利润，赢利","","n.","The company reported a record profit for the third quarter.","公司公布了第三季度创纪录的利润。",""
"profile","简介，概况","","n.","You can read his professional profile on LinkedIn.","你可以在领英上阅读他的职业简介。",""
"promotion","晋升；促销","","n.","She received a promotion after securing a major contract.","在拿下了一份大合同后她获得了晋升。",""
"protection","保护","","n.","Wearing a hard hat provides protection from falling objects.","戴安全帽可以提供免受坠物伤害的保护。",""
"proximity","接近，临近","","n.","The hotel's proximity to the beach makes it very popular.","这家酒店靠近海滩，因此非常受欢迎。",""
"rank","排列；排名","","n. / v.","The university ranks among the top ten in the country.","这所大学在该国排名前十。",""
"rave reviews","受到好评，极力赞美","","phrase","The new restaurant received rave reviews from critics.","这家新餐厅受到了评论家们的极力赞美。",""
"receptacle","容器；插座","","n.","Please throw your trash in the designated receptacle.","请将垃圾扔进指定的容器内。",""
"reception","接待；接待处","","n.","Please leave your room key at the reception desk.","请将您的房间钥匙留在前台。",""
"recipient","接受者","","n.","He was the recipient of the employee of the year award.","他是年度优秀员工奖的获得者。",""
"respondent","(社会调查的)应答者","","n.","Over 500 respondents participated in the survey.","超过500名受访者参与了调查。",""
"response","答复，回答","","n.","We received a positive response from the client.","我们收到了客户的积极答复。",""
"revenue","收入","","n.","Advertising revenue has dropped significantly this year.","今年的广告收入大幅下降。",""
"sales representative","销售代表","","n.","Our sales representative will contact you shortly.","我们的销售代表很快会联系您。",""
"selection","选择，挑选","","n.","The store offers a wide selection of fresh fruits.","这家店提供各种各样的新鲜水果。",""
"shareholder","股东","","n.","The shareholders voted to approve the merger.","股东们投票批准了合并。",""
"significance","意义，含义；重要性","","n.","They did not realize the true significance of the discovery.","他们没有意识到这项发现的真正意义。",""
"surroundings","周围的事物；环境","","n.","Animals must adapt to their natural surroundings.","动物必须适应其自然环境。",""
"survey","调查","","n. / v.","Please fill out this short survey about our service.","请填写这份关于我们服务的简短调查。",""
"traffic","交通","","n.","Heavy traffic caused him to be late for the meeting.","拥堵的交通导致他开会迟到了。",""
"view","视野，风景；观点","","n. / v.","The hotel room offers a beautiful view of the ocean.","酒店房间享有美丽的壮阔海景。",""
"wage","薪水，工资","","n.","The workers went on strike demanding a higher minimum wage.","工人们举行罢工要求提高最低工资。",""
"walkout","罢工，退场","","n.","The workers staged a walkout to protest the new policy.","工人们举行罢工抗议新政策。",""
"warning","警告，告诫","","n.","The weather service issued a severe storm warning.","气象局发布了严重风暴警告。",""
"waste","废弃物，垃圾；浪费","","n. / v.","Please dispose of chemical waste safely.","请安全处理化学废料。",""
"working knowledge","工作知识，实用知识","","phrase","A working knowledge of Spanish is required for the job.","这份工作需要实用的西班牙语知识。",""
"currently","目前，现在","","adv.","He is currently working on a major software update.","他目前正在进行一项重大的软件更新。",""
"eventually","终于，最后","","adv.","They eventually found a solution to the problem.","他们最终找到了解决问题的方法。",""
"highly","高度地；极其","","adv.","She is a highly respected manager in our department.","她是我们部门备受尊敬的经理。",""
"indifferently","不关心地，冷淡地","","adv.","He reacted indifferently to the bad news.","他对坏消息反应冷淡。",""
"presumably","据推测；大概","","adv.","Presumably, they have already left for the airport.","大概他们已经出发去机场了。",""
"significantly","显著地，明显地","","adv.","Profits have grown significantly since last year.","自去年以来，利润显著增长。",""
"even if","即使，尽管","","conj.","I will attend the conference even if it rains.","即使下雨我也会参加会议。",""
"instead of","代替，而不是...","","prep. phrase","We decided to take the train instead of flying.","我们决定坐火车而不是乘飞机。",""
"once","一旦；曾经","","conj. / adv.","We will start the meeting once everyone arrives.","一旦所有人都到了，我们就会开始会议。",""
"along with","连同...一起","","prep. phrase","Please submit your resume along with a cover letter.","请将您的简历连同求职信一起提交。",""
"be disposed of","处置，处理","","phrase","Chemical waste must be disposed of safely.","化学废料必须安全处理。",""
"be found to","被发现...","","phrase","The product was found to have a minor defect.","该产品被发现有一个小缺陷。",""
"be in the best interests of","对...最有利","","phrase","This decision is in the best interests of the company.","这个决定最符合公司的利益。",""
"be in the prime of","在...的鼎盛时期","","phrase","He is in the prime of his career.","他正处于事业的鼎盛时期。",""
"by now","这时，到此刻为止","","phrase","They should have arrived by now.","到此刻为止他们应该已经到了。",""
"in close proximity","极其接近","","phrase","The houses were built in close proximity to each other.","这些房子建得非常近。",""
"receipt","收据","","n.","Please keep your receipt in case you need a refund.","请保留收据以防需要退款。",""
"settle a conflict","解决冲突","","phrase","The manager helped settle a conflict between the two teams.","经理帮助解决了两个团队之间的冲突。",""
"settle a dispute","解决争端","","phrase","They hired a mediator to settle the dispute.","他们聘请了调解员来解决争端。",""
"settle a lawsuit","结案","","phrase","The two parties settled the lawsuit out of court.","双方在庭外和解了这起诉讼案。",""
"the king of kings","王中之王","","phrase","Historically, the emperor was referred to as the king of kings.","在历史上，皇帝被称为万王之王。",""
"come to an agreement","达成一致","","phrase","After hours of negotiation, they finally came to an agreement.","经过几个小时的谈判，他们最终达成了一致。",""
"compare to","与...相比","","phrase","This year's profits are high compared to last year's.","与去年相比，今年的利润很高。",""
"due to","由于...，归因于...","","prep. phrase","The flight was delayed due to bad weather conditions.","由于恶劣的天气条件，航班延误了。",""
"extend one's sincere condolence","致以诚挚的哀悼","","phrase","We extend our sincere condolences to the victim's family.","我们向受害者家属致以诚挚的哀悼。",""
"feel free to","随时(做某事)","","phrase","Feel free to contact me if you have any questions.","如果您有任何问题，随时联系我。",""
"go up","上升","","phrase","The price of oil is expected to go up again.","预计油价将再次上升。",""
"have a further discussion on","进一步讨论...","","phrase","We need to have a further discussion on this issue.","我们需要就这个问题进行进一步讨论。",""
"have a meeting with","与...会面","","phrase","I have a meeting with the client this afternoon.","我今天下午要见客户。",""
"here's to...","为...干杯","","phrase","Here's to a successful and prosperous new year!","为成功和繁荣的新年干杯！",""
"keen eye for detail","对细节的敏锐洞察力","","phrase","An editor must have a keen eye for detail.","编辑必须对细节有敏锐的洞察力。",""
"keep the ball rolling","继续某事","","phrase","Let's keep the ball rolling and move to the next topic.","让我们继续下去，进入下一个话题。",""
"let A know B","让A知道B","","phrase","Please let me know your decision by tomorrow.","请在明天前让我知道你的决定。",""
"make contributions to","对...作出贡献","","phrase","He made significant contributions to the community.","他对社区做出了重大贡献。",""
"on the other hand","另一方面","","phrase","It's expensive; on the other hand, it's very durable.","它很贵；但另一方面，它非常耐用。",""
"raise one's glass","举杯","","phrase","Let's raise our glasses to the bride and groom.","让我们为新娘和新郎举杯。",""
"result in","导致","","phrase","Poor planning can result in serious financial losses.","计划不周可能会导致严重的财务损失。",""
"the night of nights","特别的一夜","","phrase","The award ceremony was truly the night of nights.","颁奖典礼真是一个特别的夜晚。",""
"impression","印象","","n.","She made a good impression at the job interview.","她在工作面试中留下了好印象。",""
